-- SQLite -> MySQL dump for database `devnote`
SET NAMES utf8mb4;
SET FOREIGN_KEY_CHECKS=0;
CREATE DATABASE IF NOT EXISTS `devnote` CHARACTER SET utf8mb4 COLLATE utf8mb4_unicode_ci;
USE `devnote`;

-- Table `changelog`
DROP TABLE IF EXISTS `changelog`;
CREATE TABLE `changelog` (
  `id` VARCHAR(191) NOT NULL PRIMARY KEY,
  `entityType` TEXT NOT NULL,
  `entityId` TEXT NOT NULL,
  `action` TEXT NOT NULL,
  `payload` TEXT NOT NULL,
  `createdAt` TEXT NOT NULL DEFAULT CURRENT_TIMESTAMP
) ENGINE=InnoDB DEFAULT CHARSET=utf8mb4;

DROP TABLE IF EXISTS `folder`;
CREATE TABLE `folder` (
  `id` VARCHAR(191) NOT NULL PRIMARY KEY,
  `parentId` VARCHAR(191),
  `title` TEXT NOT NULL,
  `description` TEXT,
  `color` TEXT,
  `position` INT NOT NULL DEFAULT 0,
  `createdAt` BIGINT NOT NULL,
  `updatedAt` BIGINT NOT NULL,
  CONSTRAINT `folder_parentId_fkey` FOREIGN KEY (`parentId`) REFERENCES `folder` (`id`)
) ENGINE=InnoDB DEFAULT CHARSET=utf8mb4;

INSERT INTO `folder` (`id`, `parentId`, `title`, `description`, `color`, `position`, `createdAt`, `updatedAt`) VALUES ('cmghtd21a00023rqpdmwycw5i', NULL, 'Msquad', NULL, NULL, 0, 1759917370510, 1759917370510);
INSERT INTO `folder` (`id`, `parentId`, `title`, `description`, `color`, `position`, `createdAt`, `updatedAt`) VALUES ('cmghtdcah000c3rqpdcy989w5', 'cmghtd21a00023rqpdmwycw5i', 'Operations', NULL, NULL, 0, 1759917383801, 1759917383801);
INSERT INTO `folder` (`id`, `parentId`, `title`, `description`, `color`, `position`, `createdAt`, `updatedAt`) VALUES ('cmghtdfs7000g3rqpzigap934', 'cmghtdcah000c3rqpdcy989w5', 'SMART', NULL, NULL, 0, 1759917388327, 1759917388327);
INSERT INTO `folder` (`id`, `parentId`, `title`, `description`, `color`, `position`, `createdAt`, `updatedAt`) VALUES ('cmghtdiy2000k3rqpzt8ddhsf', 'cmghtdcah000c3rqpdcy989w5', 'SCEM', NULL, NULL, 1, 1759917392426, 1759917392426);
INSERT INTO `folder` (`id`, `parentId`, `title`, `description`, `color`, `position`, `createdAt`, `updatedAt`) VALUES ('cmghtdlrp000o3rqphfn0ua1c', 'cmghtdcah000c3rqpdcy989w5', 'Malanico', NULL, NULL, 2, 1759917396085, 1759917396085);
INSERT INTO `folder` (`id`, `parentId`, `title`, `description`, `color`, `position`, `createdAt`, `updatedAt`) VALUES ('cmghtdywr000s3rqpeddbdhg7', NULL, 'Projects', NULL, NULL, 1, 1759917413116, 1759917413116);
INSERT INTO `folder` (`id`, `parentId`, `title`, `description`, `color`, `position`, `createdAt`, `updatedAt`) VALUES ('cmghte2wo000w3rqp2urpf36v', 'cmghtdywr000s3rqpeddbdhg7', 'Webshop', NULL, NULL, 0, 1759917418297, 1759917418297);
INSERT INTO `folder` (`id`, `parentId`, `title`, `description`, `color`, `position`, `createdAt`, `updatedAt`) VALUES ('cmghte6cf00103rqpxsg1jgje', 'cmghtdywr000s3rqpeddbdhg7', 'DevNote', NULL, NULL, 1, 1759917422751, 1759917422751);
INSERT INTO `folder` (`id`, `parentId`, `title`, `description`, `color`, `position`, `createdAt`, `updatedAt`) VALUES ('cmghtfh6q00143rqpovooqcde', 'cmghtdywr000s3rqpeddbdhg7', 'Server Manager', NULL, NULL, 2, 1759917483458, 1759917483458);
INSERT INTO `folder` (`id`, `parentId`, `title`, `description`, `color`, `position`, `createdAt`, `updatedAt`) VALUES ('cmghxynpu006k3rqpu9oa5xkr', 'cmghtdfs7000g3rqpzigap934', 'Pascal', NULL, NULL, 0, 1759925096851, 1759925096851);
INSERT INTO `folder` (`id`, `parentId`, `title`, `description`, `color`, `position`, `createdAt`, `updatedAt`) VALUES ('cmgj32oxs00ic3rqp2pj5mm1k', 'cmghtdcah000c3rqpdcy989w5', 'Pure Energie', NULL, NULL, 3, 1759994149313, 1759994149313);
INSERT INTO `folder` (`id`, `parentId`, `title`, `description`, `color`, `position`, `createdAt`, `updatedAt`) VALUES ('cmgjdslg700p83rqpt4m0igtn', NULL, 'Troep', NULL, NULL, 2, 1760012154007, 1760012154007);
INSERT INTO `folder` (`id`, `parentId`, `title`, `description`, `color`, `position`, `createdAt`, `updatedAt`) VALUES ('cmgouqsqq00s93rqpsjxtk22d', 'cmghtdcah000c3rqpdcy989w5', 'Singraven', NULL, NULL, 4, 1760342954498, 1760342954498);
INSERT INTO `folder` (`id`, `parentId`, `title`, `description`, `color`, `position`, `createdAt`, `updatedAt`) VALUES ('cmgp1xwy000u13rqpf8l0j5at', 'cmghtdcah000c3rqpdcy989w5', 'Royal Koopmans', NULL, NULL, 5, 1760355043848, 1760355043848);
INSERT INTO `folder` (`id`, `parentId`, `title`, `description`, `color`, `position`, `createdAt`, `updatedAt`) VALUES ('cmh0cnag800y33rqpdta64sp0', 'cmghtdcah000c3rqpdcy989w5', 'Ferlin', NULL, NULL, 6, 1761038151848, 1761038151848);
INSERT INTO `folder` (`id`, `parentId`, `title`, `description`, `color`, `position`, `createdAt`, `updatedAt`) VALUES ('cmh0m5n9300zv3rqpsira9nez', 'cmghtdcah000c3rqpdcy989w5', 'Eijsink', NULL, NULL, 7, 1761054124792, 1761054124792);
INSERT INTO `folder` (`id`, `parentId`, `title`, `description`, `color`, `position`, `createdAt`, `updatedAt`) VALUES ('cmhj20p86005nzng1txfmlfpa', 'cmghtdcah000c3rqpdcy989w5', 'Grunbeck', NULL, NULL, 8, 1762169159095, 1762169159095);
INSERT INTO `folder` (`id`, `parentId`, `title`, `description`, `color`, `position`, `createdAt`, `updatedAt`) VALUES ('cmhm0jyhl0079zng1e2orz4qt', 'cmghtdcah000c3rqpdcy989w5', 'Energie Makelaar', NULL, NULL, 9, 1762348096857, 1762348096857);
INSERT INTO `folder` (`id`, `parentId`, `title`, `description`, `color`, `position`, `createdAt`, `updatedAt`) VALUES ('cmhoni012008kzng1lf2y0rr4', 'cmghtdcah000c3rqpdcy989w5', 'de Jong & Laan', NULL, NULL, 10, 1762507569063, 1762507569063);
INSERT INTO `folder` (`id`, `parentId`, `title`, `description`, `color`, `position`, `createdAt`, `updatedAt`) VALUES ('cmhrpkqsb00ahzng1mu12dlwk', 'cmghtdcah000c3rqpdcy989w5', 'Msquad', NULL, NULL, 11, 1762692454811, 1762692454811);
INSERT INTO `folder` (`id`, `parentId`, `title`, `description`, `color`, `position`, `createdAt`, `updatedAt`) VALUES ('cmhrpl1g100alzng1tjyigw3z', 'cmhrpkqsb00ahzng1mu12dlwk', 'PCF Example', NULL, NULL, 0, 1762692468626, 1762692468626);
INSERT INTO `folder` (`id`, `parentId`, `title`, `description`, `color`, `position`, `createdAt`, `updatedAt`) VALUES ('cmhsztxf400byzng1zgsoc4on', 'cmhrpkqsb00ahzng1mu12dlwk', 'Power CLI Tool', NULL, NULL, 1, 1762770145648, 1762770145648);
INSERT INTO `folder` (`id`, `parentId`, `title`, `description`, `color`, `position`, `createdAt`, `updatedAt`) VALUES ('cmhxjldoo00dezng1ltv6ereb', 'cmghtdfs7000g3rqpzigap934', 'CLM Dashboard', NULL, NULL, 1, 1763045203849, 1763045203849);
INSERT INTO `folder` (`id`, `parentId`, `title`, `description`, `color`, `position`, `createdAt`, `updatedAt`) VALUES ('cmirap55h00021269p2ma67p6', 'cmgj32oxs00ic3rqp2pj5mm1k', 'Organogram', NULL, NULL, 0, 1764844248149, 1764844248149);
INSERT INTO `folder` (`id`, `parentId`, `title`, `description`, `color`, `position`, `createdAt`, `updatedAt`) VALUES ('cmj6y33j9005k1269y11psc7a', NULL, 'School', NULL, NULL, 3, 1765790523045, 1765790523045);
INSERT INTO `folder` (`id`, `parentId`, `title`, `description`, `color`, `position`, `createdAt`, `updatedAt`) VALUES ('cmj6y3dxh005o1269bc40hewj', 'cmj6y33j9005k1269y11psc7a', 'Compilers', NULL, NULL, 0, 1765790536517, 1765790536517);

-- Table `page`
DROP TABLE IF EXISTS `page`;
CREATE TABLE `page` (
  `id` VARCHAR(191) NOT NULL PRIMARY KEY,
  `folderId` VARCHAR(191),
  `title` TEXT NOT NULL,
  `slug` TEXT,
  `position` INT NOT NULL DEFAULT 0,
  `searchText` TEXT NOT NULL DEFAULT '',
  `isPinned` TINYINT(1) NOT NULL DEFAULT 0,
  `isArchived` TINYINT(1) NOT NULL DEFAULT 0,
  `createdAt` BIGINT NOT NULL,
  `updatedAt` BIGINT NOT NULL,
  CONSTRAINT `page_folderId_fkey` FOREIGN KEY (`folderId`) REFERENCES `folder` (`id`)
) ENGINE=InnoDB DEFAULT CHARSET=utf8mb4;

INSERT INTO `page` (`id`, `folderId`, `title`, `slug`, `position`, `searchText`, `isPinned`, `isArchived`, `createdAt`, `updatedAt`) VALUES ('cmghtfjkh00183rqpuo03fq2g', 'cmghtfh6q00143rqpovooqcde', 'TODO', NULL, 0, 'Project doorlopen en verbeteren van Code Quality en ReadabilityDomein functionaliteit toevoegenEvt cloudflare api integratieStatus op 1 lijn trekken ipv meerdere soorten', 0, 0, 1759917486545, 1763161658891);
INSERT INTO `page` (`id`, `folderId`, `title`, `slug`, `position`, `searchText`, `isPinned`, `isArchived`, `createdAt`, `updatedAt`) VALUES ('cmghxyr5w006o3rqps0p2g0c3', 'cmghxynpu006k3rqpu9oa5xkr', 'Notities', NULL, 0, 'Base64 word nu doorgegeven als response in de flow Download Pascal PCF.', 0, 0, 1759925101317, 1759993631146);
INSERT INTO `page` (`id`, `folderId`, `title`, `slug`, `position`, `searchText`, `isPinned`, `isArchived`, `createdAt`, `updatedAt`) VALUES ('cmgj32vje00ig3rqp5bbkk9ub', 'cmgj32oxs00ic3rqp2pj5mm1k', '09-10-2025', NULL, 0, 'Manier vinden om CMS Impersonate functie te verwerken. Ze willen graag het dashboard van pure-energie.nl kunnen zien binnen een Dynamics tab op een Account veld.Token achterhalen voor impersonate functie, deze eventueel in account veld opslaan.Deze token ligt niet bij Pure, maar waarschijnlijk bij Cube (Externe Partij)Mark gaat de vraag uitstellen hoe we aan dat token komen aan Cube, dat zal hij mij laten weten als hier reactie op is.https://dmp.pure-energie.nl/api/klantportaal/customerhttps://pure-energie.nl/mijn/inloggen/?access=54e7d709-6fef-4e41-b669-097daff0366fhttps://dmp.pure-energie.nl/app/impersonate/679829d5-471c-4372-a2aa-b173398186efEventuele klanten van pure bij een paneel een mogelijkheid geven om contactpersonen op te geven en te synchroniseren richting Dynamics.Test Account Raoul AdresKlantnummer: 191078Verenlandweg 12, 7461AP Rijssenhttps://formulieren.kadaster.nl/aanvraag_bag_api_individuele_bevragingen_productieCustom velden beginnen allemaal met RHAccounts worden voor nu nog niet verwijderd, alleen op inactief gezet.', 0, 0, 1759994157866, 1760017355560);
INSERT INTO `page` (`id`, `folderId`, `title`, `slug`, `position`, `searchText`, `isPinned`, `isArchived`, `createdAt`, `updatedAt`) VALUES ('cmgjdsp6p00pc3rqpjrm995n2', 'cmgjdslg700p83rqpt4m0igtn', 'charles keys', NULL, 0, 'name: sneakerdev dfa3e70e2a35ffab6be057395ba6224df60ce90f7417aa80f74cefa678becf5b3428a67fcb7d1bff46297f123c4f077da8094ff5ca95e33f8fcc3913d97aa6c4465bf42ea24957e4a26e0379c8a4e092fd1b890bf020bf21d39', 0, 0, 1760012158849, 1760014616533);
INSERT INTO `page` (`id`, `folderId`, `title`, `slug`, `position`, `searchText`, `isPinned`, `isArchived`, `createdAt`, `updatedAt`) VALUES ('cmgkkl0iq00rx3rqp6h7jje5x', 'cmghtdlrp000o3rqphfn0ua1c', 'TODO', NULL, 0, 'Ooit nog een keer dotenv verwerken in de nieuwe API', 0, 0, 1760084023779, 1764846187712);
INSERT INTO `page` (`id`, `folderId`, `title`, `slug`, `position`, `searchText`, `isPinned`, `isArchived`, `createdAt`, `updatedAt`) VALUES ('cmgouqvla00sd3rqpykdbe36e', 'cmgouqsqq00s93rqpsjxtk22d', 'Notities', NULL, 0, 'startscherm in de PCF maken waar knelpunten liggen:Niet ingeplande leistungenOok voor min uren, overschrijdende uren en niet bezette urenMeldungen van een leistung onder de leistung laten zien.Ook niet geplande leistungen laten zien.Automatisch medewerker aanstellen voor demo laten zien metMedewerker is al vaker voor die soort leistung aangesteld en werkt in dat postcode gebied.Extra veld voor afwijkende urenregistraties.Echt beginnen met dashboard bij PCFAantal leistungen nicht gepland in Dashboard 1e tabAantal volgeplande leistungenBij leistung view ook mitarbeiters in kunnen plannen.Icoontjes laten zien bij medewerkerin formulier ook machines kunnen plannen.Planregels op 1e dag van de week komen niet op plannerAutomatisch medewerker aanwijzen laten zien in Abwesenheits dashboard met knop om te accepteren.Machine laten zien in Leistung overview per row (projectGroup calculation aanpassen.)Medewerker toevoegen in SnelformulierVertalingen fixen.meldingen laten zien dat je een planregel niet in kan plannen omdat een medewerker afwezig isvervangen planregels nog kunnen zien in Abwesenheits dashboardAls er al een planitem gepland staat op een afwezigheidsdag word de afwezigheids niet weergevenRechtsbovenin sidebar medewerker laten zien dat een medewerker afwezig is of niet.Uitklappen na klikken op gepland/ ongepland in Dashboard.Gepland status met bolletje aantonen bij leistungBerekeningen nalopen dashbaord.Op dashboard blijft afwezige medewerkers nog urgent staan.Leistungen met min-uren.Als 1 van alle medewerkers op dashboard nog niet vervangen is komt alles in het rood.Als medewerker ziek is en nog niet is ingeplanned staat er geen rode kleur oid.', 0, 0, 1760342958191, 1761662179463);
INSERT INTO `page` (`id`, `folderId`, `title`, `slug`, `position`, `searchText`, `isPinned`, `isArchived`, `createdAt`, `updatedAt`) VALUES ('cmgp1y0as00u53rqpfwddo0kj', 'cmgp1xwy000u13rqpf8l0j5at', 'Notities', NULL, 0, 'Beide dashboards splitsen in 2 PCFsAccountmanagerPotentieel volume ervoor zetten in verkooppijplijn per fase.Gemiddeld Potentieel volume gebruiken in main card headerBM Realisatie mag weg.2 nieuwe buttons die naar power bi linkenKKM overzicht: https://royalkoopmans-acc.crm4.dynamics.com/main.aspx?appid=18ea47ea-9b55-f011-877b-6045bd95a6af&newWindow=true&pagetype=dashboard&id=b96e1dcc-c6ca-f011-bbd3-6045bd8d96ef&type=systemContracten: https://royalkoopmans-acc.crm4.dynamics.com/main.aspx?appid=18ea47ea-9b55-f011-877b-6045bd95a6af&newWindow=true&pagetype=dashboard&id=29fa1bff-c6ca-f011-bbd3-7ced8d11537c&type=systemRecente contactmomenten mogen weg, dan een button met aantal Recente Verslagen en die linkt naar dynamics overview zelf.Verkooppijplijn per fase gebruikt nog niet de correcte fases.Contractstatus mag wegBTA Dashboard:BTA Activiteiten en BTA KPI\'s mogen wegAlerts & prioriteiten moeten erbij (Moeten alleen taken bevatten van de huidige week.)Gekoppelde Verkooppijplijn wrapper moet wegde knop voor Verkooppijplijn per Fase met text Volledig overzicht moet naar een detailpagina van verkoopkansen leiden, daar moet je kunnen filteren tussen:KlantVolumeExtra tabje met klachten:Hier moet je kunnen filteren op klant.', 0, 0, 1760355048196, 1765748942840);
INSERT INTO `page` (`id`, `folderId`, `title`, `slug`, `position`, `searchText`, `isPinned`, `isArchived`, `createdAt`, `updatedAt`) VALUES ('cmguj7sif00vf3rqpwhxf6xt8', 'cmghte6cf00103rqpxsg1jgje', 'TODO', NULL, 0, 'Use MySQL instead of local db for better performance.', 0, 0, 1760686389016, 1765788612288);
INSERT INTO `page` (`id`, `folderId`, `title`, `slug`, `position`, `searchText`, `isPinned`, `isArchived`, `createdAt`, `updatedAt`) VALUES ('cmguj8rsv00vo3rqp0fnpud2w', 'cmgjdslg700p83rqpt4m0igtn', 'CNFans', NULL, 1, 'https://cnfans.com/product/?shop_type=taobao&id=604653816045&ref=344036https://docs.google.com/spreadsheets/u/0/d/1LXqToit6sYMLJrWkU0ajx7pNAvQX3PSAmr3yzPhuPNg/htmlview#gid=1138481961https://docs.google.com/spreadsheets/d/1hJcf7soivt8v7rUhPONLJ2RxbXxkYZ-xXViBvtvcc1g/htmlviewhttps://docs.google.com/spreadsheets/d/1pYP5rNlZ8sg8UXMuFwerVRwKxaUbhoLgBWve7zfbml0/edit?usp=sharinghttps://docs.google.com/spreadsheets/d/1twpquj2KxGPqUjHX3t87rwuq5PEvdTmh_ghklaPyUSA/htmlview', 0, 0, 1760686434752, 1760686464414);
INSERT INTO `page` (`id`, `folderId`, `title`, `slug`, `position`, `searchText`, `isPinned`, `isArchived`, `createdAt`, `updatedAt`) VALUES ('cmgumufil00wi3rqp7edbwwn3', 'cmgj32oxs00ic3rqp2pj5mm1k', '20-10-2025', NULL, 1, 'Cube gaat een endpoint voor ons aanmaken, alleen daar is een IP whitelist voor nodig.Microsoft stuurt vanuit meerdere IP-addressen requests, dus is hier een Azure-omgeving voor nodig om dit te bundelen.Vanuit hier moet een connectie worden opgesteld om de access tokens op te halen vanuit cube, dan kunnen we verder met de impersonate functie voor de PCF component.Alternatief hiervoor kan zijn om de hele IP range te whitelisten.De API key voor de kadaster API is geaccepteerd en kan worden verwerkt.', 0, 0, 1760692484110, 1760694003528);
INSERT INTO `page` (`id`, `folderId`, `title`, `slug`, `position`, `searchText`, `isPinned`, `isArchived`, `createdAt`, `updatedAt`) VALUES ('cmh0cncoy00y73rqpkb1jssen', 'cmh0cnag800y33rqpdta64sp0', 'TODO', NULL, 0, 'Na opzetten van Azure omgeving in de flow: "Import Artikelen/Prijslijsten", fetch translations in de product update en create zetten.Volgnummer aanpassen naar decimale value in plaats van tekst value', 0, 0, 1761038154755, 1763161850107);
INSERT INTO `page` (`id`, `folderId`, `title`, `slug`, `position`, `searchText`, `isPinned`, `isArchived`, `createdAt`, `updatedAt`) VALUES ('cmh0m5qsw00zz3rqpy3lvqp6a', 'cmh0m5n9300zv3rqpsira9nez', 'TODO', NULL, 0, 'Dashboard:Logo rechtsboven boven titelOnder Sales cockpit: Goeiemorgen {gebruiker}Openstaande offertes border kleur van paars naar groenBij openstaande offertes het volgende laten zien:Offertes verlopen (uitroepteken en rode tekst)Offertes die bijna verlopen (Oranje tekst)Gemiddelde dagen open (zwarte tekst)Sales Cockpit -> Eijsink Sales CockpitVinkje als je over vierkantje heen hovert openstaande takenOpenstaande taken default background wit en met hover: #FFD6A5Snelle acties knoppen default lichtgeel en hover donker.Bekijk details weghalen en dan Eijsink vierkantje er neerzetten (linksonder heeft voorkeur)Logos de zelfde kleur als top borderIcoontjes snelle acties aanpassenTekst van taakstatus zwartAls de taak over datum is een belletje erbij zetten.Openstaande verkoopkansen een knop in het overview met Verkoopkans binnenhalenLanger als 5 dagen in een fase = roodmakenAfsluiten extra knop in overviewextra sectie met gewonnen verkoopkansenOpenstaande offertesKunnen filteren tussen Verlopen, Binnenkort of Actief.Op tabelheaders klikken moet zorgen voor sortering.Gespreksverslagen:Teams videocall icoontje van teams gebruiken.Een tijdsselectie bijvoegen die moet starten op de tijd van nu.Filter voor recente activiteitenKlantenparaplu:Een knop om klant goud ja/ nee te makeneen extra filter voor goud/ zilver/ brons klantenEen extra filter voor Hoofdaccount maximaal aantalStatussen verkoopkansVerkoopkans nummer toevoegen in view en detailpage\\Blokjes verkoopkansen minder harde kleur maken (beetje net als geel)Detail verkoopkans ook echt naar de verkoopkans zelf kunnenGemiddelde tijd open verkoopkansenTeams icoontjeTaken kunnen aanmakenSnel lead aanmakenAccoutnaamContactpersoonvoornaamachternaamemailmobielType kansOnderwerpCategorie leadKanaalMeer details over lead toevoegenNieuwe verkoopkans aanmmakengewonnen verkoopkansen (datumfilter)zoekbalk bij takenKlantenparaplu nalopen en fixenLeads moeten ge(dis)kwalificeerd kunnen wordenOpen lead knop moet lichtblauw (kleur eijsink)Nieuw showroombezoek (redirect naar dynamics afspraken)Lead toevoegen knop in leadviewSnel naar verkoopkansen in leadviewAanmaakdatum toevoegen in Leadview (ook op kunnen filteren)Styling fixen van verkoopkans detailStandaard de open leads laten zien ipv AlleOpenstaande VerkoopkansenSnel naar verkoopkans aanmaken met buttonDubbelklik op taak moet je naar de taak in dynamics leidenGespreksverslag door kunnen klikken richting dynamicsbij klantenparaplu details moet je snel een verkoopkans & gespreksverslag kunnen aanmakenKijken naar mogelijkheid om velden te prefillenOp klantenparaplu details een sectie met Contactmomenten hebben op basis van AccounttypeGoud = 4Zilver = 3Brons = 1Waarde word bepaald door geregistreerde gespreksverslagen in het huidige jaarVestigingen dubbel klikken werkt niet.Product Tab moet volgende nog laten zien:Alle PrijzenAantalEigenaar lookup opzoeken in taak aanmaken om taak aan iemand anders toe te wijzen.Bel filter bij takenVerkoopkans properties kunnen aanpassenVerkoopkans datum in het tabje zetten: Gemaakt opPopup maken voor verplichte velden voor Binnenhalen en afsluiten verkoopkansAantal belletjes laten zien bij taken op dashboard27-10-2025Extra sectie taken bij verkoopkans om taken te laten zien.Knop om taak aan te maken binnen verkoopkans.al bestaande form laten zienaccount en verkoopkans prefillen.Hoeveel openstaande taken er nog zijn per verkoopkans.Belletje aan toevoegen als taak over datum is.Tijd in fase bij verkoopkans details klopt niet.Type check bij taak eigenaar/ verkoopkans.Type tonen verkoopkanstaakExtra filter voor toevoegen.Agenda Viewicoontje links naast logo.Taken en afsprakenKlanten parapluOp mainview:BrancheSegment BrancheHuidige BricksOp detail view:Meerdere filters tegelijk kunnen toevoegen.28-10-2025KlantenparapluTerras filterOpenstaande taken verkoopkansBranch, Segment, Bricks, Terras op detail en overviewDashboardTekst laden kleineraantal minuten in openstaande verkoopkansen werkt nietOpenstaande taken op Openstaande Verkoopkansen viewTe laat taken op Openstaande Verkoopkansen viewswitch calender viewOnderscheid maken tussen taak op verkoopkans of account29-10-2025Na het aanmaken van een taak op een verkoopkans weer terug gaan naar de verkoopkansLogo van hoofd in Agenda view.Standaard komt taak op Verkoopkans, dit moet niet zo zijnAfspraken daadwerkelijk laten zien op agenda view.Openstaande Leads alleen maar het aantal van openstaand laten zien.Klantparaplu fixen door pagination toe te voegen31-10-2025Interesse in fixen multiselect.Account veld maken: Upsell mogelijkheden ja/neelaten zien op klantenparapluBoven bij openstaande verkoopkans een filter toevoegen voor alleen verkoopkansen met openstaande takenMijn AgendaFilter voor belletjeDoorklikmogelijkheden voor de tabs bovenaanKlantenparapluTaken kunnen afvinken bij vestiging details oidTakenFilteren op datumAls je vanaf klantenparaplu details naar gespreksverslag aanmaken gaat moet hij weer terug naar de klantenparaplu daarna.', 0, 0, 1761054129392, 1761909603786);
INSERT INTO `page` (`id`, `folderId`, `title`, `slug`, `position`, `searchText`, `isPinned`, `isArchived`, `createdAt`, `updatedAt`) VALUES ('cmh239b11013e3rqpono5c9ih', 'cmghtdiy2000k3rqpzt8ddhsf', 'TODO', NULL, 0, 'Wanneer een event is geweest bij meerdere dagen niet meer laten zienBij online bijeenkomst locatie van het evenement weghalen.', 0, 0, 1761143315221, 1761203960584);
INSERT INTO `page` (`id`, `folderId`, `title`, `slug`, `position`, `searchText`, `isPinned`, `isArchived`, `createdAt`, `updatedAt`) VALUES ('cmhetjvc6004bzng16r9dkz7r', 'cmghtdlrp000o3rqphfn0ua1c', '31/10/2025', NULL, 1, 'Even kijken naar de handigste manier om nieuwe artikelen te importeren:Mutatie status heeft mijn voorkeurJan gaat intern overleggen wat handig is voor het aanmaken van artikelen.Mutatie status delete moet echt gedelete worden uit portal en dynamicsZe willen een URL om de powerautomate flow aan te roepen met de Azure URLZe willen graag het ophalen van de artikel details in 1 bulk request.', 0, 0, 1761913072231, 1763161876810);
INSERT INTO `page` (`id`, `folderId`, `title`, `slug`, `position`, `searchText`, `isPinned`, `isArchived`, `createdAt`, `updatedAt`) VALUES ('cmhj20rdz005rzng1hzgu203f', 'cmhj20p86005nzng1txfmlfpa', 'TODO', NULL, 0, 'Breder maken van productgridCategorienaam in PCF kunnen aanpassenOfferteproducttypes:Standaard kunnen invullen bij dynamics formKeuzemenu met knop links naast refresh.Schuine tekst om te zeggen dat de producten moeten worden ververst na het toevoegen.Categorieen ook volledig kunnen verslepen ipv alleen producten onderling. Moeten eerst op basis van alfabetische volgorde een standaard nummer krijgen.Overleggen over het aanpassen van labels.Tussentabel voor geselecteerde categorieen en de hoofd volgnummersVolgnummer aanpassen naar decimale value in plaats van tekst value', 0, 0, 1762169161895, 1763161824824);
INSERT INTO `page` (`id`, `folderId`, `title`, `slug`, `position`, `searchText`, `isPinned`, `isArchived`, `createdAt`, `updatedAt`) VALUES ('cmhm0k109007dzng1m9kd77fl', 'cmhm0jyhl0079zng1e2orz4qt', 'TODO', NULL, 0, 'Third Party Types moeten altijd zichtbaar zijnIndex Fees moeten altijd zichtbaar zijn behalve als msquad_c_fixindex op NVT staat: 635870000alleen OTC fees zijn afhankelijk van de Ja/ Nee MQY fees, de rest allemaal niet', 0, 0, 1762348100121, 1762351314584);
INSERT INTO `page` (`id`, `folderId`, `title`, `slug`, `position`, `searchText`, `isPinned`, `isArchived`, `createdAt`, `updatedAt`) VALUES ('cmhm66vw60085zng1zi4j4k6t', NULL, 'TODO', NULL, 0, 'pcf dashboard 4 tabsHuidige dash maar beter en mooierAgenda & taken viewSlimme zoek functie voor kandidatenKandidaten voor een bepaalde vacature snel (dis)kwalificeren', 0, 0, 1762357564662, 1762414589163);
INSERT INTO `page` (`id`, `folderId`, `title`, `slug`, `position`, `searchText`, `isPinned`, `isArchived`, `createdAt`, `updatedAt`) VALUES ('cmhoni2qs008ozng12vve1xl0', 'cmhoni012008kzng1lf2y0rr4', 'TODO', NULL, 0, 'pcf dashboard 4 tabsHuidige dash maar beter en mooierAgenda & taken viewSlimme zoek functie voor kandidatenKandidaten voor een bepaalde vacature snel (dis)kwalificerenEvenementen pagina met deelnemers etcLinkedin en copilot logo rechtsboveninFilters wissen styling aanpassenPopup tonen taak voltooidStyling fixen, is kapot gegaan door gemiddeld aantal dagen in procedureDoelstellingen paginaDus door elke vacature heen gaan die op type accounts staan bijv, en dan kijken hoeveel aangenomen kandidaten.kosten plaats maar hoeft niet altijd geselecteerd te zijnSkills, Current company, past company, Werkervaring/ hoeveel jaar je werkt (tenure), seniority', 0, 0, 1762507572581, 1763161837664);
INSERT INTO `page` (`id`, `folderId`, `title`, `slug`, `position`, `searchText`, `isPinned`, `isArchived`, `createdAt`, `updatedAt`) VALUES ('cmhrpl3w400apzng1fgeauevh', 'cmhrpl1g100alzng1tjyigw3z', 'TODO', NULL, 0, 'Configuration settingsPropertiesImage upload (de Jong & Laan)Formatted odata name value in markdown bestand zettenOptionSets ophalen vanuit dataverse toevoegenExecute operations uitzoeken en documenteren in PCF examplepagination documenterenHeaders hiden in PCF example verwerkenComponenten library publiceren naar github', 0, 0, 1762692471796, 1763387932820);
INSERT INTO `page` (`id`, `folderId`, `title`, `slug`, `position`, `searchText`, `isPinned`, `isArchived`, `createdAt`, `updatedAt`) VALUES ('cmhsztzsk00c2zng1kna8tqpl', 'cmhsztxf400byzng1zgsoc4on', 'TODO', NULL, 0, 'Implement template function for default setting.Implement correct error handling in the windows notifications', 0, 0, 1762770148724, 1764846217481);
INSERT INTO `page` (`id`, `folderId`, `title`, `slug`, `position`, `searchText`, `isPinned`, `isArchived`, `createdAt`, `updatedAt`) VALUES ('cmhw1jlhx00czzng1ni34rwy5', 'cmghte2wo000w3rqp2urpf36v', 'TODO', NULL, 0, 'View User wishlist in admin pageAPI Limiter to use Redis/ Should be able to go ExternalView Most Added items in WishlistBeing able to create coupons for specific brands/ categoriesMaybe on new login has to accept from email?', 0, 0, 1762954421397, 1762954424267);
INSERT INTO `page` (`id`, `folderId`, `title`, `slug`, `position`, `searchText`, `isPinned`, `isArchived`, `createdAt`, `updatedAt`) VALUES ('cmhxjlfxx00dizng12ubvp9vu', 'cmhxjldoo00dezng1ltv6ereb', 'TODO', NULL, 0, '2e tab is docusign:Contracten alleen laten zien wanneer in fase signing msquad_contractphase = SigningMain buttons op juiste positie: Docusign status (msquad_docusignstatus)1e tab is approvers:Extra tab voor Approval fase:Approvals sent moet true zijnDan willen alle contracten zien van een overviewApproval Type serial (2): moet dat contract uit zijn te klappenActive approval requests ophalenStatecode eq 0 is actiefAlleen contracten laten zien van de current user.Hij moet ook de afgekeurde approvers laten zien in 1e pageStatus open en status afgekeurd laten zien. en status goedgekeurdVolledig goedgekeurde in approval stage ook laten zien: msquad_approvedBorders groen,oranje, roodKleur standaard toevoegen en niet alleen op hover mag ie weg', 0, 0, 1763045206774, 1763161889531);
INSERT INTO `page` (`id`, `folderId`, `title`, `slug`, `position`, `searchText`, `isPinned`, `isArchived`, `createdAt`, `updatedAt`) VALUES ('cmirapbs5000612690ux8tn81', 'cmirap55h00021269p2ma67p6', 'TODO', NULL, 0, 'ipv eigenaar willen ze email', 0, 0, 1764844256741, 1764844267526);
INSERT INTO `page` (`id`, `folderId`, `title`, `slug`, `position`, `searchText`, `isPinned`, `isArchived`, `createdAt`, `updatedAt`) VALUES ('cmiyevxya000x1269ht4tahog', 'cmgj32oxs00ic3rqp2pj5mm1k', 'TODO', NULL, 2, 'Logo toevoegen pure energieProfielfoto voor gebruikers in manager dashboardBelletjes in manager dashboardAanvragen met aflopend SLA naar rood en naar boven zetten boven Mijn actieve aanvragenMijn actieve aanvragen gelijktrekkenBij mijn taken moeten ook Mijn team taken inkomen te staan, zijn al velden voorAflopend SLA:Status wordt uitgevoerdDatum gemaakt op vergelijken met de SLA, als die binnen 48 uur verloopt. Moet voor de huidige medewerker zijn in plaats van alle', 0, 0, 1765274547107, 1765712343568);
INSERT INTO `page` (`id`, `folderId`, `title`, `slug`, `position`, `searchText`, `isPinned`, `isArchived`, `createdAt`, `updatedAt`) VALUES ('cmj6y4f5j005s1269yua2gaum', 'cmj6y3dxh005o1269bc40hewj', 'Notities', NULL, 0, 'key rule of two’s complement:The most significant bit has a negative weight8 in binary is 10008 >> 1 becomes 0100, which is 48 >> 2 becomes 0010, which is 28 in binary is 000010008 << 1 becomes 00010000, which is 1616 << 1 becomes 00100000, which is 3232 << 1 becomes 01000000, which is 6464 << 1 becomes 10000000, which is 128& 1 zorgt ervoor dat je altijd 0 of 1 terugkrijgt, ongeacht wat er verder in de byte staat.', 0, 0, 1765790584760, 1765802101063);


-- Table `pagerevision`
DROP TABLE IF EXISTS `pagerevision`;
CREATE TABLE `pagerevision` (
  `id` VARCHAR(191) NOT NULL PRIMARY KEY,
  `pageId` VARCHAR(191) NOT NULL,
  `snapshot` LONGTEXT NOT NULL,
  `createdAt` BIGINT NOT NULL,
  CONSTRAINT `pagerevision_pageId_fkey` FOREIGN KEY (`pageId`) REFERENCES `page` (`id`)
) ENGINE=InnoDB DEFAULT CHARSET=utf8mb4;

-- Table `pagecontent`
DROP TABLE IF EXISTS `pagecontent`;
CREATE TABLE `pagecontent` (
  `id` VARCHAR(191) NOT NULL PRIMARY KEY,
  `pageId` VARCHAR(191) NOT NULL,
  `html` LONGTEXT,
  `json` LONGTEXT,
  `text` LONGTEXT,
  `canvasJson` LONGTEXT,
  `createdAt` BIGINT NOT NULL,
  `updatedAt` BIGINT NOT NULL,
  CONSTRAINT `pagecontent_pageId_fkey` FOREIGN KEY (`pageId`) REFERENCES `page` (`id`)
) ENGINE=InnoDB DEFAULT CHARSET=utf8mb4;

INSERT INTO `pagecontent` (`id`, `pageId`, `html`, `json`, `text`, `canvasJson`, `createdAt`, `updatedAt`) VALUES ('cmghtfk5l001c3rqpxzvf6cfn', 'cmghtfjkh00183rqpuo03fq2g', '<ul><li><p>Project doorlopen en verbeteren van Code Quality en Readability</p></li><li><p>Domein functionaliteit toevoegen</p></li><li><p>Evt cloudflare api integratie</p></li><li><p>Status op 1 lijn trekken ipv meerdere soorten</p></li></ul>', '{"type":"doc","content":[{"type":"bulletList","content":[{"type":"listItem","content":[{"type":"paragraph","content":[{"type":"text","text":"Project doorlopen en verbeteren van Code Quality en Readability"}]}]},{"type":"listItem","content":[{"type":"paragraph","content":[{"type":"text","text":"Domein functionaliteit toevoegen"}]}]},{"type":"listItem","content":[{"type":"paragraph","content":[{"type":"text","text":"Evt cloudflare api integratie"}]}]},{"type":"listItem","content":[{"type":"paragraph","content":[{"type":"text","text":"Status op 1 lijn trekken ipv meerdere soorten"}]}]}]}]}', 'Project doorlopen en verbeteren van Code Quality en ReadabilityDomein functionaliteit toevoegenEvt cloudflare api integratieStatus op 1 lijn trekken ipv meerdere soorten', '{"elements":[{"type":"text","version":124,"versionNonce":299170159,"isDeleted":true,"id":"QqFAp-1wuW4ldNAXqX9s0","fillStyle":"solid","strokeWidth":2,"strokeStyle":"solid","roughness":1,"opacity":100,"angle":0,"x":235.01254031073393,"y":167.01254031073387,"strokeColor":"#ffffff","backgroundColor":"transparent","width":589.23828125,"height":23,"seed":900264868,"groupIds":[],"frameId":null,"roundness":null,"boundElements":[],"updated":1760014637843,"link":null,"locked":false,"fontSize":20,"fontFamily":2,"text":"- Project doorlopen en verbeteren van Code Quality en Readability","textAlign":"left","verticalAlign":"top","containerId":null,"originalText":"- Project doorlopen en verbeteren van Code Quality en Readability","lineHeight":1.15,"baseline":18},{"type":"text","version":13,"versionNonce":1921882063,"isDeleted":true,"id":"rWQel8zGXbTwUWIzZB94L","fillStyle":"solid","strokeWidth":2,"strokeStyle":"solid","roughness":1,"opacity":100,"angle":0,"x":232.25129933812147,"y":140.30647473039187,"strokeColor":"#ffffff","backgroundColor":"transparent","width":62.96875,"height":23,"seed":1861423723,"groupIds":[],"frameId":null,"roundness":null,"boundElements":[],"updated":1760014634086,"link":null,"locked":false,"fontSize":20,"fontFamily":2,"text":"TODO:","textAlign":"left","verticalAlign":"top","containerId":null,"originalText":"TODO:","lineHeight":1.15,"baseline":18}],"appState":{"showWelcomeScreen":true,"theme":"light","currentChartType":"bar","currentItemBackgroundColor":"transparent","currentItemEndArrowhead":"arrow","currentItemFillStyle":"solid","currentItemFontFamily":2,"currentItemFontSize":20,"currentItemOpacity":100,"currentItemRoughness":1,"currentItemStartArrowhead":null,"currentItemStrokeColor":"#ffffff","currentItemRoundness":"round","currentItemStrokeStyle":"solid","currentItemStrokeWidth":2,"currentItemTextAlign":"left","cursorButton":"up","activeEmbeddable":null,"draggingElement":null,"editingElement":null,"editingGroupId":null,"editingLinearElement":null,"activeTool":{"type":"selection","customType":null,"locked":false,"lastActiveTool":null},"penMode":false,"penDetected":false,"errorMessage":null,"exportBackground":true,"exportScale":1,"exportEmbedScene":false,"exportWithDarkMode":false,"fileHandle":null,"gridSize":null,"isBindingEnabled":true,"defaultSidebarDockedPreference":false,"isLoading":false,"isResizing":false,"isRotating":false,"lastPointerDownWith":"mouse","multiElement":null,"name":"Untitled-2025-10-08-1158","contextMenu":null,"openMenu":null,"openPopup":null,"openSidebar":null,"openDialog":null,"pasteDialog":{"shown":false,"data":null},"previousSelectedElementIds":{},"resizingElement":null,"scrolledOutside":false,"scrollX":121.24612502557568,"scrollY":197.57690308082977,"selectedElementIds":{},"selectedGroupIds":{},"selectedElementsAreBeingDragged":false,"selectionElement":null,"shouldCacheIgnoreZoom":false,"showStats":false,"startBoundElement":null,"suggestedBindings":[],"frameRendering":{"enabled":true,"clip":true,"name":true,"outline":true},"frameToHighlight":null,"editingFrame":null,"elementsToHighlight":null,"toast":null,"viewBackgroundColor":"rgb(2 6 23 / 1)","zenModeEnabled":false,"zoom":{"value":0.8876150010019754},"viewModeEnabled":false,"pendingImageElementId":null,"showHyperlinkPopup":false,"selectedLinearElement":null,"snapLines":[],"originSnapOffset":null,"objectsSnapModeEnabled":false,"offsetLeft":320,"offsetTop":153.60000610351562,"width":911.2000122070312,"height":541.6000366210938},"files":{}}', 1759917487305, 1763161658892);
INSERT INTO `pagecontent` (`id`, `pageId`, `html`, `json`, `text`, `canvasJson`, `createdAt`, `updatedAt`) VALUES ('cmghxyrsj006s3rqp74g5ho9h', 'cmghxyr5w006o3rqps0p2g0c3', '<ul><li><p>Base64 word nu doorgegeven als response in de flow Download Pascal PCF.</p></li></ul>', '{"type":"doc","content":[{"type":"bulletList","content":[{"type":"listItem","content":[{"type":"paragraph","content":[{"type":"text","text":"Base64 word nu doorgegeven als response in de flow Download Pascal PCF."}]}]}]}]}', 'Base64 word nu doorgegeven als response in de flow Download Pascal PCF.', '{"elements":[{"type":"text","version":17,"versionNonce":1322394930,"isDeleted":true,"id":"pVIxnZJasfad8ZA5hZ26T","fillStyle":"solid","strokeWidth":2,"strokeStyle":"solid","roughness":1,"opacity":100,"angle":0,"x":264,"y":246,"strokeColor":"#1e1e1e","backgroundColor":"transparent","width":12.216796875,"height":23,"seed":1340460914,"groupIds":[],"frameId":null,"roundness":null,"boundElements":[],"updated":1759925139219,"link":null,"locked":false,"fontSize":20,"fontFamily":2,"text":"- ","textAlign":"left","verticalAlign":"top","containerId":null,"originalText":"- ","lineHeight":1.15,"baseline":18},{"type":"text","version":6,"versionNonce":1567518382,"isDeleted":true,"id":"G2g_0AOcwb_Owzl0mH05o","fillStyle":"solid","strokeWidth":2,"strokeStyle":"solid","roughness":1,"opacity":100,"angle":0,"x":277,"y":259,"strokeColor":"#1e1e1e","backgroundColor":"transparent","width":5.556640625,"height":23,"seed":69552306,"groupIds":[],"frameId":null,"roundness":null,"boundElements":[],"updated":1759925133897,"link":null,"locked":false,"fontSize":20,"fontFamily":2,"text":"","textAlign":"left","verticalAlign":"top","containerId":null,"originalText":"","lineHeight":1.15,"baseline":18},{"type":"text","version":103,"versionNonce":760440431,"isDeleted":true,"id":"H2VWTRHpzmxZLMhuqHIkt","fillStyle":"solid","strokeWidth":2,"strokeStyle":"solid","roughness":1,"opacity":100,"angle":0,"x":211,"y":228,"strokeColor":"#ffffff","backgroundColor":"transparent","width":697.0703125,"height":23,"seed":502005938,"groupIds":[],"frameId":null,"roundness":null,"boundElements":[],"updated":1759993621032,"link":"https://make.powerapps.com/environments/c417c4cc-e3fb-4295-89d2-9ce8808a3173/solutions/b6180516-10ed-ee11-a203-002248831eb4/objects/cloudflows/26b8f812-36a4-f011-bbd3-7c1e5274ba8a/view","locked":false,"fontSize":20,"fontFamily":2,"text":"- Base64 word nu doorgegeven als response in de flow Download Pascal PCF.","textAlign":"left","verticalAlign":"top","containerId":null,"originalText":"- Base64 word nu doorgegeven als response in de flow Download Pascal PCF.","lineHeight":1.15,"baseline":18},{"type":"text","version":2,"versionNonce":2101314738,"isDeleted":true,"id":"fb9J5fiZx5L7Tls-T-Wef","fillStyle":"solid","strokeWidth":2,"strokeStyle":"solid","roughness":1,"opacity":100,"angle":0,"x":915,"y":241,"strokeColor":"#ffffff","backgroundColor":"transparent","width":5.556640625,"height":23,"seed":846637362,"groupIds":[],"frameId":null,"roundness":null,"boundElements":[],"updated":1759925430245,"link":null,"locked":false,"fontSize":20,"fontFamily":2,"text":"","textAlign":"left","verticalAlign":"top","containerId":null,"originalText":"","lineHeight":1.15,"baseline":18},{"type":"text","version":2,"versionNonce":1501603374,"isDeleted":true,"id":"Bluc6QL6SEmG5EsCGDM0c","fillStyle":"solid","strokeWidth":2,"strokeStyle":"solid","roughness":1,"opacity":100,"angle":0,"x":591,"y":350,"strokeColor":"#ffffff","backgroundColor":"transparent","width":5.556640625,"height":23,"seed":1532803502,"groupIds":[],"frameId":null,"roundness":null,"boundElements":[],"updated":1759925432450,"link":null,"locked":false,"fontSize":20,"fontFamily":2,"text":"","textAlign":"left","verticalAlign":"top","containerId":null,"originalText":"","lineHeight":1.15,"baseline":18},{"type":"text","version":2,"versionNonce":684339890,"isDeleted":true,"id":"CwLnbDgJAMlrcqP73ri9X","fillStyle":"solid","strokeWidth":2,"strokeStyle":"solid","roughness":1,"opacity":100,"angle":0,"x":623,"y":254,"strokeColor":"#ffffff","backgroundColor":"transparent","width":5.556640625,"height":23,"seed":288675634,"groupIds":[],"frameId":null,"roundness":null,"boundElements":[],"updated":1759925433133,"link":null,"locked":false,"fontSize":20,"fontFamily":2,"text":"","textAlign":"left","verticalAlign":"top","containerId":null,"originalText":"","lineHeight":1.15,"baseline":18},{"type":"text","version":2,"versionNonce":949631854,"isDeleted":true,"id":"ytIcZ7SInBiFzlycJII6V","fillStyle":"solid","strokeWidth":2,"strokeStyle":"solid","roughness":1,"opacity":100,"angle":0,"x":514,"y":296,"strokeColor":"#ffffff","backgroundColor":"transparent","width":5.556640625,"height":23,"seed":61968114,"groupIds":[],"frameId":null,"roundness":null,"boundElements":[],"updated":1759925454351,"link":null,"locked":false,"fontSize":20,"fontFamily":2,"text":"","textAlign":"left","verticalAlign":"top","containerId":null,"originalText":"","lineHeight":1.15,"baseline":18},{"type":"text","version":2,"versionNonce":1686246510,"isDeleted":true,"id":"79LHFpDRMiAc9zRQRpgQs","fillStyle":"solid","strokeWidth":2,"strokeStyle":"solid","roughness":1,"opacity":100,"angle":0,"x":385,"y":327,"strokeColor":"#ffffff","backgroundColor":"transparent","width":5.556640625,"height":23,"seed":2111931890,"groupIds":[],"frameId":null,"roundness":null,"boundElements":[],"updated":1759925457311,"link":null,"locked":false,"fontSize":20,"fontFamily":2,"text":"","textAlign":"left","verticalAlign":"top","containerId":null,"originalText":"","lineHeight":1.15,"baseline":18}],"appState":{"showWelcomeScreen":true,"theme":"light","currentChartType":"bar","currentItemBackgroundColor":"transparent","currentItemEndArrowhead":"arrow","currentItemFillStyle":"solid","currentItemFontFamily":2,"currentItemFontSize":20,"currentItemOpacity":100,"currentItemRoughness":1,"currentItemStartArrowhead":null,"currentItemStrokeColor":"#ffffff","currentItemRoundness":"round","currentItemStrokeStyle":"solid","currentItemStrokeWidth":2,"currentItemTextAlign":"left","cursorButton":"down","activeEmbeddable":null,"draggingElement":null,"editingElement":null,"editingGroupId":null,"editingLinearElement":null,"activeTool":{"type":"selection","customType":null,"locked":false,"lastActiveTool":null},"penMode":false,"penDetected":false,"errorMessage":null,"exportBackground":true,"exportScale":1,"exportEmbedScene":false,"exportWithDarkMode":false,"fileHandle":null,"gridSize":null,"isBindingEnabled":true,"defaultSidebarDockedPreference":false,"isLoading":false,"isResizing":false,"isRotating":false,"lastPointerDownWith":"mouse","multiElement":null,"name":"Untitled-2025-10-08-1405","contextMenu":null,"openMenu":null,"openPopup":null,"openSidebar":null,"openDialog":null,"pasteDialog":{"shown":false,"data":null},"previousSelectedElementIds":{},"resizingElement":null,"scrolledOutside":false,"scrollX":-48.58587523181033,"scrollY":53.09090354225837,"selectedElementIds":{},"selectedGroupIds":{},"selectedElementsAreBeingDragged":false,"selectionElement":null,"shouldCacheIgnoreZoom":false,"showStats":false,"startBoundElement":null,"suggestedBindings":[],"frameRendering":{"enabled":true,"clip":true,"name":true,"outline":true},"frameToHighlight":null,"editingFrame":null,"elementsToHighlight":null,"toast":null,"viewBackgroundColor":"rgb(2 6 23 / 1)","zenModeEnabled":false,"zoom":{"value":1.1},"viewModeEnabled":false,"pendingImageElementId":null,"showHyperlinkPopup":false,"selectedLinearElement":null,"snapLines":[],"originSnapOffset":null,"objectsSnapModeEnabled":false,"offsetLeft":320,"offsetTop":153.60000610351562,"width":1162.4000244140625,"height":541.6000366210938},"files":{}}', 1759925102131, 1759993631147);
INSERT INTO `pagecontent` (`id`, `pageId`, `html`, `json`, `text`, `canvasJson`, `createdAt`, `updatedAt`) VALUES ('cmgj32w9l00ik3rqpxgbwzivl', 'cmgj32vje00ig3rqp5bbkk9ub', '<ul><li><p>Manier vinden om CMS Impersonate functie te verwerken. Ze willen graag het dashboard van <a target="_blank" rel="noopener noreferrer nofollow" href="http://pure-energie.nl">pure-energie.nl</a> kunnen zien binnen een Dynamics tab op een Account veld.</p><ul><li><p>Token achterhalen voor impersonate functie, deze eventueel in account veld opslaan.</p></li><li><p>Deze token ligt niet bij Pure, maar waarschijnlijk bij Cube (Externe Partij)</p></li><li><p>Mark gaat de vraag uitstellen hoe we aan dat token komen aan Cube, dat zal hij mij laten weten als hier reactie op is.</p></li><li><p><a target="_blank" rel="noopener noreferrer nofollow" href="https://dmp.pure-energie.nl/api/klantportaal/customer">https://dmp.pure-energie.nl/api/klantportaal/customer</a></p></li><li><p><a target="_blank" rel="noopener noreferrer nofollow" href="https://pure-energie.nl/mijn/inloggen/?access=54e7d709-6fef-4e41-b669-097daff0366f">https://pure-energie.nl/mijn/inloggen/?access=54e7d709-6fef-4e41-b669-097daff0366f</a></p></li><li><p><a target="_blank" rel="noopener noreferrer nofollow" href="https://dmp.pure-energie.nl/app/impersonate/679829d5-471c-4372-a2aa-b173398186ef">https://dmp.pure-energie.nl/app/impersonate/679829d5-471c-4372-a2aa-b173398186ef</a></p></li></ul></li><li><p>Eventuele klanten van pure bij een paneel een mogelijkheid geven om contactpersonen op te geven en te synchroniseren richting Dynamics.</p></li><li><p>Test Account Raoul Adres</p><ul><li><p>Klantnummer: 191078</p></li><li><p>Verenlandweg 12, 7461AP Rijssen</p></li></ul></li><li><p><a target="_blank" rel="noopener noreferrer nofollow" href="https://formulieren.kadaster.nl/aanvraag_bag_api_individuele_bevragingen_productie">https://formulieren.kadaster.nl/aanvraag_bag_api_individuele_bevragingen_productie</a></p></li><li><p>Custom velden beginnen allemaal met RH</p></li><li><p>Accounts worden voor nu nog niet verwijderd, alleen op inactief gezet.</p></li></ul>', '{"type":"doc","content":[{"type":"bulletList","content":[{"type":"listItem","content":[{"type":"paragraph","content":[{"type":"text","text":"Manier vinden om CMS Impersonate functie te verwerken. Ze willen graag het dashboard van "},{"type":"text","marks":[{"type":"link","attrs":{"href":"http://pure-energie.nl","target":"_blank","rel":"noopener noreferrer nofollow","class":null}}],"text":"pure-energie.nl"},{"type":"text","text":" kunnen zien binnen een Dynamics tab op een Account veld."}]},{"type":"bulletList","content":[{"type":"listItem","content":[{"type":"paragraph","content":[{"type":"text","text":"Token achterhalen voor impersonate functie, deze eventueel in account veld opslaan."}]}]},{"type":"listItem","content":[{"type":"paragraph","content":[{"type":"text","text":"Deze token ligt niet bij Pure, maar waarschijnlijk bij Cube (Externe Partij)"}]}]},{"type":"listItem","content":[{"type":"paragraph","content":[{"type":"text","text":"Mark gaat de vraag uitstellen hoe we aan dat token komen aan Cube, dat zal hij mij laten weten als hier reactie op is."}]}]},{"type":"listItem","content":[{"type":"paragraph","content":[{"type":"text","marks":[{"type":"link","attrs":{"href":"https://dmp.pure-energie.nl/api/klantportaal/customer","target":"_blank","rel":"noopener noreferrer nofollow","class":null}}],"text":"https://dmp.pure-energie.nl/api/klantportaal/customer"}]}]},{"type":"listItem","content":[{"type":"paragraph","content":[{"type":"text","marks":[{"type":"link","attrs":{"href":"https://pure-energie.nl/mijn/inloggen/?access=54e7d709-6fef-4e41-b669-097daff0366f","target":"_blank","rel":"noopener noreferrer nofollow","class":null}}],"text":"https://pure-energie.nl/mijn/inloggen/?access=54e7d709-6fef-4e41-b669-097daff0366f"}]}]},{"type":"listItem","content":[{"type":"paragraph","content":[{"type":"text","marks":[{"type":"link","attrs":{"href":"https://dmp.pure-energie.nl/app/impersonate/679829d5-471c-4372-a2aa-b173398186ef","target":"_blank","rel":"noopener noreferrer nofollow","class":null}}],"text":"https://dmp.pure-energie.nl/app/impersonate/679829d5-471c-4372-a2aa-b173398186ef"}]}]}]}]},{"type":"listItem","content":[{"type":"paragraph","content":[{"type":"text","text":"Eventuele klanten van pure bij een paneel een mogelijkheid geven om contactpersonen op te geven en te synchroniseren richting Dynamics."}]}]},{"type":"listItem","content":[{"type":"paragraph","content":[{"type":"text","text":"Test Account Raoul Adres"}]},{"type":"bulletList","content":[{"type":"listItem","content":[{"type":"paragraph","content":[{"type":"text","text":"Klantnummer: 191078"}]}]},{"type":"listItem","content":[{"type":"paragraph","content":[{"type":"text","text":"Verenlandweg 12, 7461AP Rijssen"}]}]}]}]},{"type":"listItem","content":[{"type":"paragraph","content":[{"type":"text","marks":[{"type":"link","attrs":{"href":"https://formulieren.kadaster.nl/aanvraag_bag_api_individuele_bevragingen_productie","target":"_blank","rel":"noopener noreferrer nofollow","class":null}}],"text":"https://formulieren.kadaster.nl/aanvraag_bag_api_individuele_bevragingen_productie"}]}]},{"type":"listItem","content":[{"type":"paragraph","content":[{"type":"text","text":"Custom velden beginnen allemaal met RH"}]}]},{"type":"listItem","content":[{"type":"paragraph","content":[{"type":"text","text":"Accounts worden voor nu nog niet verwijderd, alleen op inactief gezet."}]}]}]}]}', 'Manier vinden om CMS Impersonate functie te verwerken. Ze willen graag het dashboard van pure-energie.nl kunnen zien binnen een Dynamics tab op een Account veld.Token achterhalen voor impersonate functie, deze eventueel in account veld opslaan.Deze token ligt niet bij Pure, maar waarschijnlijk bij Cube (Externe Partij)Mark gaat de vraag uitstellen hoe we aan dat token komen aan Cube, dat zal hij mij laten weten als hier reactie op is.https://dmp.pure-energie.nl/api/klantportaal/customerhttps://pure-energie.nl/mijn/inloggen/?access=54e7d709-6fef-4e41-b669-097daff0366fhttps://dmp.pure-energie.nl/app/impersonate/679829d5-471c-4372-a2aa-b173398186efEventuele klanten van pure bij een paneel een mogelijkheid geven om contactpersonen op te geven en te synchroniseren richting Dynamics.Test Account Raoul AdresKlantnummer: 191078Verenlandweg 12, 7461AP Rijssenhttps://formulieren.kadaster.nl/aanvraag_bag_api_individuele_bevragingen_productieCustom velden beginnen allemaal met RHAccounts worden voor nu nog niet verwijderd, alleen op inactief gezet.', '{"elements":[],"appState":{"showWelcomeScreen":true,"theme":"light","currentChartType":"bar","currentItemBackgroundColor":"transparent","currentItemEndArrowhead":"arrow","currentItemFillStyle":"solid","currentItemFontFamily":1,"currentItemFontSize":20,"currentItemOpacity":100,"currentItemRoughness":1,"currentItemStartArrowhead":null,"currentItemStrokeColor":"#1e1e1e","currentItemRoundness":"round","currentItemStrokeStyle":"solid","currentItemStrokeWidth":2,"currentItemTextAlign":"left","cursorButton":"up","activeEmbeddable":null,"draggingElement":null,"editingElement":null,"editingGroupId":null,"editingLinearElement":null,"activeTool":{"type":"selection","customType":null,"locked":false,"lastActiveTool":null},"penMode":false,"penDetected":false,"errorMessage":null,"exportBackground":true,"exportScale":1,"exportEmbedScene":false,"exportWithDarkMode":false,"fileHandle":null,"gridSize":null,"isBindingEnabled":true,"defaultSidebarDockedPreference":false,"isLoading":false,"isResizing":false,"isRotating":false,"lastPointerDownWith":"mouse","multiElement":null,"name":"Untitled-2025-10-09-0929","contextMenu":null,"openMenu":null,"openPopup":null,"openSidebar":null,"openDialog":null,"pasteDialog":{"shown":false,"data":null},"previousSelectedElementIds":{},"resizingElement":null,"scrolledOutside":false,"scrollX":0,"scrollY":0,"selectedElementIds":{},"selectedGroupIds":{},"selectedElementsAreBeingDragged":false,"selectionElement":null,"shouldCacheIgnoreZoom":false,"showStats":false,"startBoundElement":null,"suggestedBindings":[],"frameRendering":{"enabled":true,"clip":true,"name":true,"outline":true},"frameToHighlight":null,"editingFrame":null,"elementsToHighlight":null,"toast":null,"viewBackgroundColor":"#ffffff","zenModeEnabled":false,"zoom":{"value":1},"viewModeEnabled":false,"pendingImageElementId":null,"showHyperlinkPopup":false,"selectedLinearElement":null,"snapLines":[],"originSnapOffset":{"x":0,"y":0},"objectsSnapModeEnabled":false,"offsetLeft":320,"offsetTop":153.60000610351562,"width":1162.4000244140625,"height":541.6000366210938},"files":{}}', 1759994158809, 1760017355561);
INSERT INTO `pagecontent` (`id`, `pageId`, `html`, `json`, `text`, `canvasJson`, `createdAt`, `updatedAt`) VALUES ('cmgjdsw6100pg3rqpza4m11ue', 'cmgjdsp6p00pc3rqpjrm995n2', '<p>name: <code>sneakerdev</code> </p><ol><li><p><code>dfa3e70e2a35ffab6b</code></p></li><li><p><code>e057395ba6224df60c</code></p></li><li><p><code>e90f7417aa80f74cef</code></p></li><li><p><code>a678becf5b3428a67f</code></p></li><li><p><code>cb7d1bff46297f123c</code></p></li><li><p><code>4f077da8094ff5ca95</code></p></li><li><p><code>e33f8fcc3913d97aa6</code></p></li><li><p><code>c4465bf42ea24957e4</code></p></li><li><p><code>a26e0379c8a4e092fd</code></p></li><li><p><code>1b890bf020bf21d39</code></p></li></ol>', '{"type":"doc","content":[{"type":"paragraph","content":[{"type":"text","text":"name: "},{"type":"text","marks":[{"type":"code"}],"text":"sneakerdev"},{"type":"text","text":" "}]},{"type":"orderedList","attrs":{"start":1,"type":null},"content":[{"type":"listItem","content":[{"type":"paragraph","content":[{"type":"text","marks":[{"type":"code"}],"text":"dfa3e70e2a35ffab6b"}]}]},{"type":"listItem","content":[{"type":"paragraph","content":[{"type":"text","marks":[{"type":"code"}],"text":"e057395ba6224df60c"}]}]},{"type":"listItem","content":[{"type":"paragraph","content":[{"type":"text","marks":[{"type":"code"}],"text":"e90f7417aa80f74cef"}]}]},{"type":"listItem","content":[{"type":"paragraph","content":[{"type":"text","marks":[{"type":"code"}],"text":"a678becf5b3428a67f"}]}]},{"type":"listItem","content":[{"type":"paragraph","content":[{"type":"text","marks":[{"type":"code"}],"text":"cb7d1bff46297f123c"}]}]},{"type":"listItem","content":[{"type":"paragraph","content":[{"type":"text","marks":[{"type":"code"}],"text":"4f077da8094ff5ca95"}]}]},{"type":"listItem","content":[{"type":"paragraph","content":[{"type":"text","marks":[{"type":"code"}],"text":"e33f8fcc3913d97aa6"}]}]},{"type":"listItem","content":[{"type":"paragraph","content":[{"type":"text","marks":[{"type":"code"}],"text":"c4465bf42ea24957e4"}]}]},{"type":"listItem","content":[{"type":"paragraph","content":[{"type":"text","marks":[{"type":"code"}],"text":"a26e0379c8a4e092fd"}]}]},{"type":"listItem","content":[{"type":"paragraph","content":[{"type":"text","marks":[{"type":"code"}],"text":"1b890bf020bf21d39"}]}]}]}]}', 'name: sneakerdev dfa3e70e2a35ffab6be057395ba6224df60ce90f7417aa80f74cefa678becf5b3428a67fcb7d1bff46297f123c4f077da8094ff5ca95e33f8fcc3913d97aa6c4465bf42ea24957e4a26e0379c8a4e092fd1b890bf020bf21d39', NULL, 1760012167898, 1760014616534);
INSERT INTO `pagecontent` (`id`, `pageId`, `html`, `json`, `text`, `canvasJson`, `createdAt`, `updatedAt`) VALUES ('cmgkklmtn00s13rqp6q4jdnzj', 'cmgkkl0iq00rx3rqp6h7jje5x', '<ul><li><p><s>Ooit nog een keer dotenv verwerken in de nieuwe API</s></p></li></ul>', '{"type":"doc","content":[{"type":"bulletList","content":[{"type":"listItem","content":[{"type":"paragraph","content":[{"type":"text","marks":[{"type":"strike"}],"text":"Ooit nog een keer dotenv verwerken in de nieuwe API"}]}]}]}]}', 'Ooit nog een keer dotenv verwerken in de nieuwe API', NULL, 1760084052683, 1764846187713);
INSERT INTO `pagecontent` (`id`, `pageId`, `html`, `json`, `text`, `canvasJson`, `createdAt`, `updatedAt`) VALUES ('cmgourisp00sh3rqp80xjpys7', 'cmgouqvla00sd3rqpykdbe36e', '<ul><li><p><s>startscherm in de PCF maken waar knelpunten liggen:</s></p><ul><li><p><s>Niet ingeplande leistungen</s></p></li><li><p><s>Ook voor min uren, overschrijdende uren en niet bezette uren</s></p></li></ul></li><li><p><s>Meldungen van een leistung onder de leistung laten zien.</s></p></li><li><p><s>Ook niet geplande leistungen laten zien.</s></p></li><li><p><s>Automatisch medewerker aanstellen voor demo laten zien met</s></p><ul><li><p><s>Medewerker is al vaker voor die soort leistung aangesteld en werkt in dat postcode gebied.</s></p></li></ul></li><li><p><s>Extra veld voor afwijkende urenregistraties.</s></p></li><li><p><s>Echt beginnen met dashboard bij PCF</s></p></li><li><p><s>Aantal leistungen nicht gepland in Dashboard 1e tab</s></p></li><li><p><s>Aantal volgeplande leistungen</s></p></li><li><p><s>Bij leistung view ook mitarbeiters in kunnen plannen.</s></p><ul><li><p><s>Icoontjes laten zien bij medewerker</s></p></li></ul></li><li><p><s>in formulier ook machines kunnen plannen.</s></p></li><li><p><s>Planregels op 1e dag van de week komen niet op planner</s></p></li><li><p><s>Automatisch medewerker aanwijzen laten zien in Abwesenheits dashboard met knop om te accepteren.</s></p></li><li><p><s>Machine laten zien in Leistung overview per row (projectGroup calculation aanpassen.)</s></p></li><li><p><s>Medewerker toevoegen in Snelformulier</s></p></li><li><p><s>Vertalingen fixen.</s></p></li><li><p><s>meldingen laten zien dat je een planregel niet in kan plannen omdat een medewerker afwezig is</s></p></li><li><p><s>vervangen planregels nog kunnen zien in Abwesenheits dashboard</s></p></li><li><p><s>Als er al een planitem gepland staat op een afwezigheidsdag word de afwezigheids niet weergeven</s></p></li><li><p><s>Rechtsbovenin sidebar medewerker laten zien dat een medewerker afwezig is of niet.</s></p></li><li><p><s>Uitklappen na klikken op gepland/ ongepland in Dashboard.</s></p></li><li><p><s>Gepland status met bolletje aantonen bij leistung</s></p></li><li><p><s>Berekeningen nalopen dashbaord.</s></p></li><li><p><s>Op dashboard blijft afwezige medewerkers nog urgent staan.</s></p></li><li><p><s>Leistungen met min-uren.</s></p></li><li><p><s>Als 1 van alle medewerkers op dashboard nog niet vervangen is komt alles in het rood.</s></p></li><li><p><s>Als medewerker ziek is en nog niet is ingeplanned staat er geen rode kleur oid.</s></p></li></ul>', '{"type":"doc","content":[{"type":"bulletList","content":[{"type":"listItem","content":[{"type":"paragraph","content":[{"type":"text","marks":[{"type":"strike"}],"text":"startscherm in de PCF maken waar knelpunten liggen:"}]},{"type":"bulletList","content":[{"type":"listItem","content":[{"type":"paragraph","content":[{"type":"text","marks":[{"type":"strike"}],"text":"Niet ingeplande leistungen"}]}]},{"type":"listItem","content":[{"type":"paragraph","content":[{"type":"text","marks":[{"type":"strike"}],"text":"Ook voor min uren, overschrijdende uren en niet bezette uren"}]}]}]}]},{"type":"listItem","content":[{"type":"paragraph","content":[{"type":"text","marks":[{"type":"strike"}],"text":"Meldungen van een leistung onder de leistung laten zien."}]}]},{"type":"listItem","content":[{"type":"paragraph","content":[{"type":"text","marks":[{"type":"strike"}],"text":"Ook niet geplande leistungen laten zien."}]}]},{"type":"listItem","content":[{"type":"paragraph","content":[{"type":"text","marks":[{"type":"strike"}],"text":"Automatisch medewerker aanstellen voor demo laten zien met"}]},{"type":"bulletList","content":[{"type":"listItem","content":[{"type":"paragraph","content":[{"type":"text","marks":[{"type":"strike"}],"text":"Medewerker is al vaker voor die soort leistung aangesteld en werkt in dat postcode gebied."}]}]}]}]},{"type":"listItem","content":[{"type":"paragraph","content":[{"type":"text","marks":[{"type":"strike"}],"text":"Extra veld voor afwijkende urenregistraties."}]}]},{"type":"listItem","content":[{"type":"paragraph","content":[{"type":"text","marks":[{"type":"strike"}],"text":"Echt beginnen met dashboard bij PCF"}]}]},{"type":"listItem","content":[{"type":"paragraph","content":[{"type":"text","marks":[{"type":"strike"}],"text":"Aantal leistungen nicht gepland in Dashboard 1e tab"}]}]},{"type":"listItem","content":[{"type":"paragraph","content":[{"type":"text","marks":[{"type":"strike"}],"text":"Aantal volgeplande leistungen"}]}]},{"type":"listItem","content":[{"type":"paragraph","content":[{"type":"text","marks":[{"type":"strike"}],"text":"Bij leistung view ook mitarbeiters in kunnen plannen."}]},{"type":"bulletList","content":[{"type":"listItem","content":[{"type":"paragraph","content":[{"type":"text","marks":[{"type":"strike"}],"text":"Icoontjes laten zien bij medewerker"}]}]}]}]},{"type":"listItem","content":[{"type":"paragraph","content":[{"type":"text","marks":[{"type":"strike"}],"text":"in formulier ook machines kunnen plannen."}]}]},{"type":"listItem","content":[{"type":"paragraph","content":[{"type":"text","marks":[{"type":"strike"}],"text":"Planregels op 1e dag van de week komen niet op planner"}]}]},{"type":"listItem","content":[{"type":"paragraph","content":[{"type":"text","marks":[{"type":"strike"}],"text":"Automatisch medewerker aanwijzen laten zien in Abwesenheits dashboard met knop om te accepteren."}]}]},{"type":"listItem","content":[{"type":"paragraph","content":[{"type":"text","marks":[{"type":"strike"}],"text":"Machine laten zien in Leistung overview per row (projectGroup calculation aanpassen.)"}]}]},{"type":"listItem","content":[{"type":"paragraph","content":[{"type":"text","marks":[{"type":"strike"}],"text":"Medewerker toevoegen in Snelformulier"}]}]},{"type":"listItem","content":[{"type":"paragraph","content":[{"type":"text","marks":[{"type":"strike"}],"text":"Vertalingen fixen."}]}]},{"type":"listItem","content":[{"type":"paragraph","content":[{"type":"text","marks":[{"type":"strike"}],"text":"meldingen laten zien dat je een planregel niet in kan plannen omdat een medewerker afwezig is"}]}]},{"type":"listItem","content":[{"type":"paragraph","content":[{"type":"text","marks":[{"type":"strike"}],"text":"vervangen planregels nog kunnen zien in Abwesenheits dashboard"}]}]},{"type":"listItem","content":[{"type":"paragraph","content":[{"type":"text","marks":[{"type":"strike"}],"text":"Als er al een planitem gepland staat op een afwezigheidsdag word de afwezigheids niet weergeven"}]}]},{"type":"listItem","content":[{"type":"paragraph","content":[{"type":"text","marks":[{"type":"strike"}],"text":"Rechtsbovenin sidebar medewerker laten zien dat een medewerker afwezig is of niet."}]}]},{"type":"listItem","content":[{"type":"paragraph","content":[{"type":"text","marks":[{"type":"strike"}],"text":"Uitklappen na klikken op gepland/ ongepland in Dashboard."}]}]},{"type":"listItem","content":[{"type":"paragraph","content":[{"type":"text","marks":[{"type":"strike"}],"text":"Gepland status met bolletje aantonen bij leistung"}]}]},{"type":"listItem","content":[{"type":"paragraph","content":[{"type":"text","marks":[{"type":"strike"}],"text":"Berekeningen nalopen dashbaord."}]}]},{"type":"listItem","content":[{"type":"paragraph","content":[{"type":"text","marks":[{"type":"strike"}],"text":"Op dashboard blijft afwezige medewerkers nog urgent staan."}]}]},{"type":"listItem","content":[{"type":"paragraph","content":[{"type":"text","marks":[{"type":"strike"}],"text":"Leistungen met min-uren."}]}]},{"type":"listItem","content":[{"type":"paragraph","content":[{"type":"text","marks":[{"type":"strike"}],"text":"Als 1 van alle medewerkers op dashboard nog niet vervangen is komt alles in het rood."}]}]},{"type":"listItem","content":[{"type":"paragraph","content":[{"type":"text","marks":[{"type":"strike"}],"text":"Als medewerker ziek is en nog niet is ingeplanned staat er geen rode kleur oid."}]}]}]}]}', 'startscherm in de PCF maken waar knelpunten liggen:Niet ingeplande leistungenOok voor min uren, overschrijdende uren en niet bezette urenMeldungen van een leistung onder de leistung laten zien.Ook niet geplande leistungen laten zien.Automatisch medewerker aanstellen voor demo laten zien metMedewerker is al vaker voor die soort leistung aangesteld en werkt in dat postcode gebied.Extra veld voor afwijkende urenregistraties.Echt beginnen met dashboard bij PCFAantal leistungen nicht gepland in Dashboard 1e tabAantal volgeplande leistungenBij leistung view ook mitarbeiters in kunnen plannen.Icoontjes laten zien bij medewerkerin formulier ook machines kunnen plannen.Planregels op 1e dag van de week komen niet op plannerAutomatisch medewerker aanwijzen laten zien in Abwesenheits dashboard met knop om te accepteren.Machine laten zien in Leistung overview per row (projectGroup calculation aanpassen.)Medewerker toevoegen in SnelformulierVertalingen fixen.meldingen laten zien dat je een planregel niet in kan plannen omdat een medewerker afwezig isvervangen planregels nog kunnen zien in Abwesenheits dashboardAls er al een planitem gepland staat op een afwezigheidsdag word de afwezigheids niet weergevenRechtsbovenin sidebar medewerker laten zien dat een medewerker afwezig is of niet.Uitklappen na klikken op gepland/ ongepland in Dashboard.Gepland status met bolletje aantonen bij leistungBerekeningen nalopen dashbaord.Op dashboard blijft afwezige medewerkers nog urgent staan.Leistungen met min-uren.Als 1 van alle medewerkers op dashboard nog niet vervangen is komt alles in het rood.Als medewerker ziek is en nog niet is ingeplanned staat er geen rode kleur oid.', '{"elements":[],"appState":{"viewBackgroundColor":"rgb(2 6 23 / 1)"},"files":{}}', 1760342988265, 1761662179464);
INSERT INTO `pagecontent` (`id`, `pageId`, `html`, `json`, `text`, `canvasJson`, `createdAt`, `updatedAt`) VALUES ('cmguj8fcb00vj3rqpsdqovrmr', 'cmguj7sif00vf3rqpwhxf6xt8', '<ul><li><p>Use MySQL instead of local db for better performance.</p></li></ul>', '{"type":"doc","content":[{"type":"bulletList","content":[{"type":"listItem","content":[{"type":"paragraph","content":[{"type":"text","text":"Use MySQL instead of local db for better performance."}]}]}]}]}', 'Use MySQL instead of local db for better performance.', '{"elements":[],"appState":{"viewBackgroundColor":"rgb(2 6 23 / 1)"},"files":{}}', 1760686418604, 1765788612289);
INSERT INTO `pagecontent` (`id`, `pageId`, `html`, `json`, `text`, `canvasJson`, `createdAt`, `updatedAt`) VALUES ('cmguj8xfg00vs3rqphfky5nbj', 'cmguj8rsv00vo3rqp0fnpud2w', '<p><a target="_blank" rel="noopener noreferrer nofollow" href="https://cnfans.com/product/?shop_type=taobao&amp;id=604653816045&amp;ref=344036">https://cnfans.com/product/?shop_type=taobao&amp;id=604653816045&amp;ref=344036</a></p><p><a target="_blank" rel="noopener noreferrer nofollow" href="https://docs.google.com/spreadsheets/u/0/d/1LXqToit6sYMLJrWkU0ajx7pNAvQX3PSAmr3yzPhuPNg/htmlview#gid=1138481961">https://docs.google.com/spreadsheets/u/0/d/1LXqToit6sYMLJrWkU0ajx7pNAvQX3PSAmr3yzPhuPNg/htmlview#gid=1138481961</a></p><p><a target="_blank" rel="noopener noreferrer nofollow" href="https://docs.google.com/spreadsheets/d/1hJcf7soivt8v7rUhPONLJ2RxbXxkYZ-xXViBvtvcc1g/htmlview">https://docs.google.com/spreadsheets/d/1hJcf7soivt8v7rUhPONLJ2RxbXxkYZ-xXViBvtvcc1g/htmlview</a></p><p><a target="_blank" rel="noopener noreferrer nofollow" href="https://docs.google.com/spreadsheets/d/1pYP5rNlZ8sg8UXMuFwerVRwKxaUbhoLgBWve7zfbml0/edit?usp=sharing">https://docs.google.com/spreadsheets/d/1pYP5rNlZ8sg8UXMuFwerVRwKxaUbhoLgBWve7zfbml0/edit?usp=sharing</a></p><p><a target="_blank" rel="noopener noreferrer nofollow" href="https://docs.google.com/spreadsheets/d/1twpquj2KxGPqUjHX3t87rwuq5PEvdTmh_ghklaPyUSA/htmlview">https://docs.google.com/spreadsheets/d/1twpquj2KxGPqUjHX3t87rwuq5PEvdTmh_ghklaPyUSA/htmlview</a></p>', '{"type":"doc","content":[{"type":"paragraph","content":[{"type":"text","marks":[{"type":"link","attrs":{"href":"https://cnfans.com/product/?shop_type=taobao&id=604653816045&ref=344036","target":"_blank","rel":"noopener noreferrer nofollow","class":null}}],"text":"https://cnfans.com/product/?shop_type=taobao&id=604653816045&ref=344036"}]},{"type":"paragraph","content":[{"type":"text","marks":[{"type":"link","attrs":{"href":"https://docs.google.com/spreadsheets/u/0/d/1LXqToit6sYMLJrWkU0ajx7pNAvQX3PSAmr3yzPhuPNg/htmlview#gid=1138481961","target":"_blank","rel":"noopener noreferrer nofollow","class":null}}],"text":"https://docs.google.com/spreadsheets/u/0/d/1LXqToit6sYMLJrWkU0ajx7pNAvQX3PSAmr3yzPhuPNg/htmlview#gid=1138481961"}]},{"type":"paragraph","content":[{"type":"text","marks":[{"type":"link","attrs":{"href":"https://docs.google.com/spreadsheets/d/1hJcf7soivt8v7rUhPONLJ2RxbXxkYZ-xXViBvtvcc1g/htmlview","target":"_blank","rel":"noopener noreferrer nofollow","class":null}}],"text":"https://docs.google.com/spreadsheets/d/1hJcf7soivt8v7rUhPONLJ2RxbXxkYZ-xXViBvtvcc1g/htmlview"}]},{"type":"paragraph","content":[{"type":"text","marks":[{"type":"link","attrs":{"href":"https://docs.google.com/spreadsheets/d/1pYP5rNlZ8sg8UXMuFwerVRwKxaUbhoLgBWve7zfbml0/edit?usp=sharing","target":"_blank","rel":"noopener noreferrer nofollow","class":null}}],"text":"https://docs.google.com/spreadsheets/d/1pYP5rNlZ8sg8UXMuFwerVRwKxaUbhoLgBWve7zfbml0/edit?usp=sharing"}]},{"type":"paragraph","content":[{"type":"text","marks":[{"type":"link","attrs":{"href":"https://docs.google.com/spreadsheets/d/1twpquj2KxGPqUjHX3t87rwuq5PEvdTmh_ghklaPyUSA/htmlview","target":"_blank","rel":"noopener noreferrer nofollow","class":null}}],"text":"https://docs.google.com/spreadsheets/d/1twpquj2KxGPqUjHX3t87rwuq5PEvdTmh_ghklaPyUSA/htmlview"}]}]}', 'https://cnfans.com/product/?shop_type=taobao&id=604653816045&ref=344036https://docs.google.com/spreadsheets/u/0/d/1LXqToit6sYMLJrWkU0ajx7pNAvQX3PSAmr3yzPhuPNg/htmlview#gid=1138481961https://docs.google.com/spreadsheets/d/1hJcf7soivt8v7rUhPONLJ2RxbXxkYZ-xXViBvtvcc1g/htmlviewhttps://docs.google.com/spreadsheets/d/1pYP5rNlZ8sg8UXMuFwerVRwKxaUbhoLgBWve7zfbml0/edit?usp=sharinghttps://docs.google.com/spreadsheets/d/1twpquj2KxGPqUjHX3t87rwuq5PEvdTmh_ghklaPyUSA/htmlview', NULL, 1760686442045, 1760686464415);
INSERT INTO `pagecontent` (`id`, `pageId`, `html`, `json`, `text`, `canvasJson`, `createdAt`, `updatedAt`) VALUES ('cmgumvamm00wm3rqpduqqsvzt', 'cmgumufil00wi3rqp7edbwwn3', '<ul><li><p>Cube gaat een endpoint voor ons aanmaken, alleen daar is een IP whitelist voor nodig.</p><ul><li><p>Microsoft stuurt vanuit meerdere IP-addressen requests, dus is hier een Azure-omgeving voor nodig om dit te bundelen.</p></li><li><p>Vanuit hier moet een connectie worden opgesteld om de access tokens op te halen vanuit cube, dan kunnen we verder met de impersonate functie voor de PCF component.</p></li><li><p>Alternatief hiervoor kan zijn om de hele IP range te whitelisten.</p></li></ul></li><li><p>De API key voor de kadaster API is geaccepteerd en kan worden verwerkt.</p></li></ul>', '{"type":"doc","content":[{"type":"bulletList","content":[{"type":"listItem","content":[{"type":"paragraph","content":[{"type":"text","text":"Cube gaat een endpoint voor ons aanmaken, alleen daar is een IP whitelist voor nodig."}]},{"type":"bulletList","content":[{"type":"listItem","content":[{"type":"paragraph","content":[{"type":"text","text":"Microsoft stuurt vanuit meerdere IP-addressen requests, dus is hier een Azure-omgeving voor nodig om dit te bundelen."}]}]},{"type":"listItem","content":[{"type":"paragraph","content":[{"type":"text","text":"Vanuit hier moet een connectie worden opgesteld om de access tokens op te halen vanuit cube, dan kunnen we verder met de impersonate functie voor de PCF component."}]}]},{"type":"listItem","content":[{"type":"paragraph","content":[{"type":"text","text":"Alternatief hiervoor kan zijn om de hele IP range te whitelisten."}]}]}]}]},{"type":"listItem","content":[{"type":"paragraph","content":[{"type":"text","text":"De API key voor de kadaster API is geaccepteerd en kan worden verwerkt."}]}]}]}]}', 'Cube gaat een endpoint voor ons aanmaken, alleen daar is een IP whitelist voor nodig.Microsoft stuurt vanuit meerdere IP-addressen requests, dus is hier een Azure-omgeving voor nodig om dit te bundelen.Vanuit hier moet een connectie worden opgesteld om de access tokens op te halen vanuit cube, dan kunnen we verder met de impersonate functie voor de PCF component.Alternatief hiervoor kan zijn om de hele IP range te whitelisten.De API key voor de kadaster API is geaccepteerd en kan worden verwerkt.', '{"elements":[{"id":"y8ffM-5C-4TQ3UKpiwRkZ","type":"rectangle","x":439,"y":133.6000213623047,"width":244.79998779296875,"height":146.39999389648438,"angle":0,"strokeColor":"#1e1e1e","backgroundColor":"transparent","fillStyle":"solid","strokeWidth":2,"strokeStyle":"solid","roughness":1,"opacity":100,"groupIds":[],"frameId":null,"roundness":{"type":3},"seed":1031653997,"version":18,"versionNonce":53099213,"isDeleted":false,"boundElements":null,"updated":1760692541409,"link":null,"locked":false}],"appState":{"showWelcomeScreen":true,"theme":"light","currentChartType":"bar","currentItemBackgroundColor":"transparent","currentItemEndArrowhead":"arrow","currentItemFillStyle":"solid","currentItemFontFamily":1,"currentItemFontSize":20,"currentItemOpacity":100,"currentItemRoughness":1,"currentItemStartArrowhead":null,"currentItemStrokeColor":"#1e1e1e","currentItemRoundness":"round","currentItemStrokeStyle":"solid","currentItemStrokeWidth":2,"currentItemTextAlign":"left","cursorButton":"up","activeEmbeddable":null,"draggingElement":null,"editingElement":null,"editingGroupId":null,"editingLinearElement":null,"activeTool":{"type":"selection","customType":null,"locked":false,"lastActiveTool":null},"penMode":false,"penDetected":false,"errorMessage":null,"exportBackground":true,"exportScale":1,"exportEmbedScene":false,"exportWithDarkMode":false,"fileHandle":null,"gridSize":null,"isBindingEnabled":true,"defaultSidebarDockedPreference":false,"isLoading":false,"isResizing":false,"isRotating":false,"lastPointerDownWith":"mouse","multiElement":null,"name":"Untitled-2025-10-17-1115","contextMenu":null,"openMenu":null,"openPopup":null,"openSidebar":null,"openDialog":null,"pasteDialog":{"shown":false,"data":null},"previousSelectedElementIds":{"y8ffM-5C-4TQ3UKpiwRkZ":true},"resizingElement":null,"scrolledOutside":false,"scrollX":0,"scrollY":0,"selectedElementIds":{},"selectedGroupIds":{},"selectedElementsAreBeingDragged":false,"selectionElement":null,"shouldCacheIgnoreZoom":false,"showStats":false,"startBoundElement":null,"suggestedBindings":[],"frameRendering":{"enabled":true,"clip":true,"name":true,"outline":true},"frameToHighlight":null,"editingFrame":null,"elementsToHighlight":null,"toast":null,"viewBackgroundColor":"#ffffff","zenModeEnabled":false,"zoom":{"value":1},"viewModeEnabled":false,"pendingImageElementId":null,"showHyperlinkPopup":false,"selectedLinearElement":null,"snapLines":[],"originSnapOffset":null,"objectsSnapModeEnabled":false,"offsetLeft":320,"offsetTop":143.1999969482422,"width":1162.4000244140625,"height":552},"files":{}}', 1760692524430, 1760694003529);
INSERT INTO `pagecontent` (`id`, `pageId`, `html`, `json`, `text`, `canvasJson`, `createdAt`, `updatedAt`) VALUES ('cmh0co1m200yb3rqpdsfbsiu8', 'cmh0cncoy00y73rqpkb1jssen', '<ul><li><p><s>Na opzetten van Azure omgeving in de flow: "Import Artikelen/Prijslijsten", fetch translations in de product update en create zetten.</s></p></li><li><p><s>Volgnummer aanpassen naar decimale value in plaats van tekst value</s></p></li></ul>', '{"type":"doc","content":[{"type":"bulletList","content":[{"type":"listItem","content":[{"type":"paragraph","content":[{"type":"text","marks":[{"type":"strike"}],"text":"Na opzetten van Azure omgeving in de flow: \\"Import Artikelen/Prijslijsten\\", fetch translations in de product update en create zetten."}]}]},{"type":"listItem","content":[{"type":"paragraph","content":[{"type":"text","marks":[{"type":"strike"}],"text":"Volgnummer aanpassen naar decimale value in plaats van tekst value"}]}]}]}]}', 'Na opzetten van Azure omgeving in de flow: "Import Artikelen/Prijslijsten", fetch translations in de product update en create zetten.Volgnummer aanpassen naar decimale value in plaats van tekst value', NULL, 1761038187050, 1763161850108);
INSERT INTO `pagecontent` (`id`, `pageId`, `html`, `json`, `text`, `canvasJson`, `createdAt`, `updatedAt`) VALUES ('cmh1qqhyj01063rqpo53zl8mu', 'cmh0m5qsw00zz3rqpy3lvqp6a', '<ul><li><p><s>Dashboard:</s></p><ul><li><p><s>Logo rechtsboven boven titel</s></p></li><li><p><s>Onder Sales cockpit: Goeiemorgen {gebruiker}</s></p></li><li><p><s>Openstaande offertes border kleur van paars naar groen</s></p></li><li><p><s>Bij openstaande offertes het volgende laten zien:</s></p><ul><li><p><s>Offertes verlopen (uitroepteken en rode tekst)</s></p></li><li><p><s>Offertes die bijna verlopen (Oranje tekst)</s></p></li><li><p><s>Gemiddelde dagen open (zwarte tekst)</s></p></li><li><p><s>Sales Cockpit -&gt; Eijsink Sales Cockpit</s></p></li></ul></li><li><p><s>Vinkje als je over vierkantje heen hovert openstaande taken</s></p></li><li><p><s>Openstaande taken default background wit en met hover: #FFD6A5</s></p></li><li><p><s>Snelle acties knoppen default lichtgeel en hover donker.</s></p></li><li><p><s>Bekijk details weghalen en dan Eijsink vierkantje er neerzetten (linksonder heeft voorkeur)</s></p></li><li><p><s>Logos de zelfde kleur als top border</s></p></li><li><p><s>Icoontjes snelle acties aanpassen</s></p></li><li><p><s>Tekst van taakstatus zwart</s></p></li><li><p><s>Als de taak over datum is een belletje erbij zetten.</s></p></li></ul></li><li><p><s>Openstaande verkoopkansen </s></p><ul><li><p><s>een knop in het overview met Verkoopkans binnenhalen</s></p></li><li><p><s>Langer als 5 dagen in een fase = roodmaken</s></p></li><li><p><s>Afsluiten extra knop in overview</s></p></li><li><p><s>extra sectie met gewonnen verkoopkansen</s></p></li></ul></li><li><p><s>Openstaande offertes</s></p><ul><li><p><s>Kunnen filteren tussen Verlopen, Binnenkort of Actief.</s></p></li><li><p><s>Op tabelheaders klikken moet zorgen voor sortering.</s></p></li></ul></li></ul><ul><li><p><s>Gespreksverslagen:</s></p><ul><li><p><s>Teams videocall icoontje van teams gebruiken.</s></p></li><li><p><s>Een tijdsselectie bijvoegen die moet starten op de tijd van nu.</s></p></li><li><p><s>Filter voor recente activiteiten</s></p></li></ul></li><li><p><s>Klantenparaplu:</s></p><ul><li><p><s>Een knop om klant goud ja/ nee te maken</s></p></li><li><p><s>een extra filter voor goud/ zilver/ brons klanten</s></p></li><li><p><s>Een extra filter voor Hoofdaccount maximaal aantal</s></p></li></ul></li><li><p><s>Statussen verkoopkans</s></p></li><li><p><s>Verkoopkans nummer toevoegen in view en detailpage\\</s></p></li><li><p><s>Blokjes verkoopkansen minder harde kleur maken (beetje net als geel)</s></p></li><li><p><s>Detail verkoopkans ook echt naar de verkoopkans zelf kunnen</s></p></li><li><p><s>Gemiddelde tijd open verkoopkansen</s></p></li><li><p><s>Teams icoontje</s></p></li><li><p><s>Taken kunnen aanmaken</s></p></li><li><p><s>Snel lead aanmaken</s></p><ul><li><p><s>Accoutnaam</s></p></li><li><p><s>Contactpersoon</s></p></li><li><p><s>voornaam</s></p></li><li><p><s>achternaam</s></p></li><li><p><s>email</s></p></li><li><p><s>mobiel</s></p></li><li><p><s>Type kans</s></p></li><li><p><s>Onderwerp</s></p></li><li><p><s>Categorie lead</s></p></li><li><p><s>Kanaal</s></p></li></ul></li><li><p><s>Meer details over lead toevoegen</s></p></li><li><p><s>Nieuwe verkoopkans aanmmaken</s></p></li><li><p><s>gewonnen verkoopkansen (datumfilter)</s></p></li><li><p><s>zoekbalk bij taken</s></p></li><li><p><s>Klantenparaplu nalopen en fixen</s></p></li><li><p><s>Leads moeten ge(dis)kwalificeerd kunnen worden</s></p></li><li><p><s>Open lead knop moet lichtblauw (kleur eijsink)</s></p></li><li><p><s>Nieuw showroombezoek (redirect naar dynamics afspraken)</s></p></li><li><p><s>Lead toevoegen knop in leadview</s></p></li><li><p><s>Snel naar verkoopkansen in leadview</s></p></li><li><p><s>Aanmaakdatum toevoegen in Leadview (ook op kunnen filteren)</s></p></li><li><p><s>Styling fixen van verkoopkans detail</s></p></li><li><p><s>Standaard de open leads laten zien ipv Alle</s></p></li><li><p><s>Openstaande Verkoopkansen</s></p><ul><li><p><s>Snel naar verkoopkans aanmaken met button</s></p></li></ul></li><li><p><s>Dubbelklik op taak moet je naar de taak in dynamics leiden</s></p></li><li><p><s>Gespreksverslag door kunnen klikken richting dynamics</s></p></li><li><p><s>bij klantenparaplu details moet je snel een verkoopkans &amp; gespreksverslag kunnen aanmaken</s></p><ul><li><p><s>Kijken naar mogelijkheid om velden te prefillen</s></p></li></ul></li><li><p><s>Op klantenparaplu details een sectie met Contactmomenten hebben op basis van Accounttype</s></p><ul><li><p><s>Goud = 4</s></p></li><li><p><s>Zilver = 3</s></p></li><li><p><s>Brons = 1</s></p></li><li><p><s>Waarde word bepaald door geregistreerde gespreksverslagen in het huidige jaar</s></p></li></ul></li><li><p><s>Vestigingen dubbel klikken werkt niet.</s></p></li><li><p><s>Product Tab moet volgende nog laten zien:</s></p><ul><li><p><s>Alle Prijzen</s></p></li><li><p><s>Aantal</s></p></li></ul></li><li><p><s>Eigenaar lookup opzoeken in taak aanmaken om taak aan iemand anders toe te wijzen.</s></p></li><li><p><s>Bel filter bij taken</s></p></li><li><p><s>Verkoopkans properties kunnen aanpassen</s></p></li><li><p><s>Verkoopkans datum in het tabje zetten: Gemaakt op</s></p></li><li><p><s>Popup maken voor verplichte velden voor Binnenhalen en afsluiten verkoopkans</s></p></li><li><p><s>Aantal belletjes laten zien bij taken op dashboard</s></p></li><li><p><s>27-10-2025</s></p><ul><li><p><s>Extra sectie taken bij verkoopkans om taken te laten zien.</s></p></li><li><p><s>Knop om taak aan te maken binnen verkoopkans.</s></p><ul><li><p><s>al bestaande form laten zien</s></p></li><li><p><s>account en verkoopkans prefillen.</s></p></li></ul></li><li><p><s>Hoeveel openstaande taken er nog zijn per verkoopkans.</s></p></li><li><p><s>Belletje aan toevoegen als taak over datum is.</s></p></li><li><p><s>Tijd in fase bij verkoopkans details klopt niet.</s></p></li><li><p><s>Type check bij taak eigenaar/ verkoopkans.</s></p></li><li><p><s>Type tonen verkoopkanstaak</s></p></li><li><p><s>Extra filter voor toevoegen.</s></p></li><li><p><s>Agenda View</s></p><ul><li><p><s>icoontje links naast logo.</s></p></li><li><p><s>Taken en afspraken</s></p></li></ul></li><li><p><s>Klanten paraplu</s></p><ul><li><p><s>Op mainview:</s></p><ul><li><p><s>Branche</s></p></li><li><p><s>Segment Branche</s></p></li><li><p><s>Huidige Bricks</s></p></li></ul></li><li><p><s>Op detail view:</s></p><ul><li><p><s>Meerdere filters tegelijk kunnen toevoegen.</s></p></li></ul></li></ul></li></ul></li><li><p><s>28-10-2025</s></p><ul><li><p><s>Klantenparaplu</s></p><ul><li><p><s>Terras filter</s></p></li><li><p><s>Openstaande taken verkoopkans</s></p></li><li><p><s>Branch, Segment, Bricks, Terras op detail en overview</s></p></li></ul></li><li><p><s>Dashboard</s></p><ul><li><p><s>Tekst laden kleiner</s></p></li></ul></li><li><p><s>aantal minuten in openstaande verkoopkansen werkt niet</s></p></li><li><p><s>Openstaande taken op Openstaande Verkoopkansen view</s></p></li><li><p><s>Te laat taken op Openstaande Verkoopkansen view</s></p></li><li><p><s>switch calender view</s></p></li><li><p><s>Onderscheid maken tussen taak op verkoopkans of account</s></p></li></ul></li></ul><ul><li><p><s>29-10-2025</s></p><ul><li><p><s>Na het aanmaken van een taak op een verkoopkans weer terug gaan naar de verkoopkans</s></p></li><li><p><s>Logo van hoofd in Agenda view.</s></p></li><li><p><s>Standaard komt taak op Verkoopkans, dit moet niet zo zijn</s></p></li><li><p><s>Afspraken daadwerkelijk laten zien op agenda view.</s></p></li><li><p><s>Openstaande Leads alleen maar het aantal van openstaand laten zien.</s></p></li><li><p><s>Klantparaplu fixen door pagination toe te voegen</s></p></li></ul></li><li><p>31-10-2025</p><ul><li><p><s>Interesse in fixen multiselect.</s></p></li><li><p><s>Account veld maken: Upsell mogelijkheden ja/nee</s></p></li><li><p><s>laten zien op klantenparaplu</s></p></li><li><p><s>Boven bij openstaande verkoopkans een filter toevoegen voor alleen verkoopkansen met openstaande taken</s></p></li><li><p><s>Mijn Agenda</s></p><ul><li><p><s>Filter voor belletje</s></p></li><li><p><s>Doorklikmogelijkheden voor de tabs bovenaan</s></p></li></ul></li><li><p><s>Klantenparaplu</s></p><ul><li><p><s>Taken kunnen afvinken bij vestiging details oid</s></p></li></ul></li><li><p><s>Taken</s></p><ul><li><p><s>Filteren op datum</s></p></li></ul></li><li><p><s>Als je vanaf klantenparaplu details naar gespreksverslag aanmaken gaat moet hij weer terug naar de klantenparaplu daarna.</s></p></li></ul></li></ul>', '{"type":"doc","content":[{"type":"bulletList","content":[{"type":"listItem","content":[{"type":"paragraph","content":[{"type":"text","marks":[{"type":"strike"}],"text":"Dashboard:"}]},{"type":"bulletList","content":[{"type":"listItem","content":[{"type":"paragraph","content":[{"type":"text","marks":[{"type":"strike"}],"text":"Logo rechtsboven boven titel"}]}]},{"type":"listItem","content":[{"type":"paragraph","content":[{"type":"text","marks":[{"type":"strike"}],"text":"Onder Sales cockpit: Goeiemorgen {gebruiker}"}]}]},{"type":"listItem","content":[{"type":"paragraph","content":[{"type":"text","marks":[{"type":"strike"}],"text":"Openstaande offertes border kleur van paars naar groen"}]}]},{"type":"listItem","content":[{"type":"paragraph","content":[{"type":"text","marks":[{"type":"strike"}],"text":"Bij openstaande offertes het volgende laten zien:"}]},{"type":"bulletList","content":[{"type":"listItem","content":[{"type":"paragraph","content":[{"type":"text","marks":[{"type":"strike"}],"text":"Offertes verlopen (uitroepteken en rode tekst)"}]}]},{"type":"listItem","content":[{"type":"paragraph","content":[{"type":"text","marks":[{"type":"strike"}],"text":"Offertes die bijna verlopen (Oranje tekst)"}]}]},{"type":"listItem","content":[{"type":"paragraph","content":[{"type":"text","marks":[{"type":"strike"}],"text":"Gemiddelde dagen open (zwarte tekst)"}]}]},{"type":"listItem","content":[{"type":"paragraph","content":[{"type":"text","marks":[{"type":"strike"}],"text":"Sales Cockpit -> Eijsink Sales Cockpit"}]}]}]}]},{"type":"listItem","content":[{"type":"paragraph","content":[{"type":"text","marks":[{"type":"strike"}],"text":"Vinkje als je over vierkantje heen hovert openstaande taken"}]}]},{"type":"listItem","content":[{"type":"paragraph","content":[{"type":"text","marks":[{"type":"strike"}],"text":"Openstaande taken default background wit en met hover: #FFD6A5"}]}]},{"type":"listItem","content":[{"type":"paragraph","content":[{"type":"text","marks":[{"type":"strike"}],"text":"Snelle acties knoppen default lichtgeel en hover donker."}]}]},{"type":"listItem","content":[{"type":"paragraph","content":[{"type":"text","marks":[{"type":"strike"}],"text":"Bekijk details weghalen en dan Eijsink vierkantje er neerzetten (linksonder heeft voorkeur)"}]}]},{"type":"listItem","content":[{"type":"paragraph","content":[{"type":"text","marks":[{"type":"strike"}],"text":"Logos de zelfde kleur als top border"}]}]},{"type":"listItem","content":[{"type":"paragraph","content":[{"type":"text","marks":[{"type":"strike"}],"text":"Icoontjes snelle acties aanpassen"}]}]},{"type":"listItem","content":[{"type":"paragraph","content":[{"type":"text","marks":[{"type":"strike"}],"text":"Tekst van taakstatus zwart"}]}]},{"type":"listItem","content":[{"type":"paragraph","content":[{"type":"text","marks":[{"type":"strike"}],"text":"Als de taak over datum is een belletje erbij zetten."}]}]}]}]},{"type":"listItem","content":[{"type":"paragraph","content":[{"type":"text","marks":[{"type":"strike"}],"text":"Openstaande verkoopkansen "}]},{"type":"bulletList","content":[{"type":"listItem","content":[{"type":"paragraph","content":[{"type":"text","marks":[{"type":"strike"}],"text":"een knop in het overview met Verkoopkans binnenhalen"}]}]},{"type":"listItem","content":[{"type":"paragraph","content":[{"type":"text","marks":[{"type":"strike"}],"text":"Langer als 5 dagen in een fase = roodmaken"}]}]},{"type":"listItem","content":[{"type":"paragraph","content":[{"type":"text","marks":[{"type":"strike"}],"text":"Afsluiten extra knop in overview"}]}]},{"type":"listItem","content":[{"type":"paragraph","content":[{"type":"text","marks":[{"type":"strike"}],"text":"extra sectie met gewonnen verkoopkansen"}]}]}]}]},{"type":"listItem","content":[{"type":"paragraph","content":[{"type":"text","marks":[{"type":"strike"}],"text":"Openstaande offertes"}]},{"type":"bulletList","content":[{"type":"listItem","content":[{"type":"paragraph","content":[{"type":"text","marks":[{"type":"strike"}],"text":"Kunnen filteren tussen Verlopen, Binnenkort of Actief."}]}]},{"type":"listItem","content":[{"type":"paragraph","content":[{"type":"text","marks":[{"type":"strike"}],"text":"Op tabelheaders klikken moet zorgen voor sortering."}]}]}]}]}]},{"type":"bulletList","content":[{"type":"listItem","content":[{"type":"paragraph","content":[{"type":"text","marks":[{"type":"strike"}],"text":"Gespreksverslagen:"}]},{"type":"bulletList","content":[{"type":"listItem","content":[{"type":"paragraph","content":[{"type":"text","marks":[{"type":"strike"}],"text":"Teams videocall icoontje van teams gebruiken."}]}]},{"type":"listItem","content":[{"type":"paragraph","content":[{"type":"text","marks":[{"type":"strike"}],"text":"Een tijdsselectie bijvoegen die moet starten op de tijd van nu."}]}]},{"type":"listItem","content":[{"type":"paragraph","content":[{"type":"text","marks":[{"type":"strike"}],"text":"Filter voor recente activiteiten"}]}]}]}]},{"type":"listItem","content":[{"type":"paragraph","content":[{"type":"text","marks":[{"type":"strike"}],"text":"Klantenparaplu:"}]},{"type":"bulletList","content":[{"type":"listItem","content":[{"type":"paragraph","content":[{"type":"text","marks":[{"type":"strike"}],"text":"Een knop om klant goud ja/ nee te maken"}]}]},{"type":"listItem","content":[{"type":"paragraph","content":[{"type":"text","marks":[{"type":"strike"}],"text":"een extra filter voor goud/ zilver/ brons klanten"}]}]},{"type":"listItem","content":[{"type":"paragraph","content":[{"type":"text","marks":[{"type":"strike"}],"text":"Een extra filter voor Hoofdaccount maximaal aantal"}]}]}]}]},{"type":"listItem","content":[{"type":"paragraph","content":[{"type":"text","marks":[{"type":"strike"}],"text":"Statussen verkoopkans"}]}]},{"type":"listItem","content":[{"type":"paragraph","content":[{"type":"text","marks":[{"type":"strike"}],"text":"Verkoopkans nummer toevoegen in view en detailpage\\\\"}]}]},{"type":"listItem","content":[{"type":"paragraph","content":[{"type":"text","marks":[{"type":"strike"}],"text":"Blokjes verkoopkansen minder harde kleur maken (beetje net als geel)"}]}]},{"type":"listItem","content":[{"type":"paragraph","content":[{"type":"text","marks":[{"type":"strike"}],"text":"Detail verkoopkans ook echt naar de verkoopkans zelf kunnen"}]}]},{"type":"listItem","content":[{"type":"paragraph","content":[{"type":"text","marks":[{"type":"strike"}],"text":"Gemiddelde tijd open verkoopkansen"}]}]},{"type":"listItem","content":[{"type":"paragraph","content":[{"type":"text","marks":[{"type":"strike"}],"text":"Teams icoontje"}]}]},{"type":"listItem","content":[{"type":"paragraph","content":[{"type":"text","marks":[{"type":"strike"}],"text":"Taken kunnen aanmaken"}]}]},{"type":"listItem","content":[{"type":"paragraph","content":[{"type":"text","marks":[{"type":"strike"}],"text":"Snel lead aanmaken"}]},{"type":"bulletList","content":[{"type":"listItem","content":[{"type":"paragraph","content":[{"type":"text","marks":[{"type":"strike"}],"text":"Accoutnaam"}]}]},{"type":"listItem","content":[{"type":"paragraph","content":[{"type":"text","marks":[{"type":"strike"}],"text":"Contactpersoon"}]}]},{"type":"listItem","content":[{"type":"paragraph","content":[{"type":"text","marks":[{"type":"strike"}],"text":"voornaam"}]}]},{"type":"listItem","content":[{"type":"paragraph","content":[{"type":"text","marks":[{"type":"strike"}],"text":"achternaam"}]}]},{"type":"listItem","content":[{"type":"paragraph","content":[{"type":"text","marks":[{"type":"strike"}],"text":"email"}]}]},{"type":"listItem","content":[{"type":"paragraph","content":[{"type":"text","marks":[{"type":"strike"}],"text":"mobiel"}]}]},{"type":"listItem","content":[{"type":"paragraph","content":[{"type":"text","marks":[{"type":"strike"}],"text":"Type kans"}]}]},{"type":"listItem","content":[{"type":"paragraph","content":[{"type":"text","marks":[{"type":"strike"}],"text":"Onderwerp"}]}]},{"type":"listItem","content":[{"type":"paragraph","content":[{"type":"text","marks":[{"type":"strike"}],"text":"Categorie lead"}]}]},{"type":"listItem","content":[{"type":"paragraph","content":[{"type":"text","marks":[{"type":"strike"}],"text":"Kanaal"}]}]}]}]},{"type":"listItem","content":[{"type":"paragraph","content":[{"type":"text","marks":[{"type":"strike"}],"text":"Meer details over lead toevoegen"}]}]},{"type":"listItem","content":[{"type":"paragraph","content":[{"type":"text","marks":[{"type":"strike"}],"text":"Nieuwe verkoopkans aanmmaken"}]}]},{"type":"listItem","content":[{"type":"paragraph","content":[{"type":"text","marks":[{"type":"strike"}],"text":"gewonnen verkoopkansen (datumfilter)"}]}]},{"type":"listItem","content":[{"type":"paragraph","content":[{"type":"text","marks":[{"type":"strike"}],"text":"zoekbalk bij taken"}]}]},{"type":"listItem","content":[{"type":"paragraph","content":[{"type":"text","marks":[{"type":"strike"}],"text":"Klantenparaplu nalopen en fixen"}]}]},{"type":"listItem","content":[{"type":"paragraph","content":[{"type":"text","marks":[{"type":"strike"}],"text":"Leads moeten ge(dis)kwalificeerd kunnen worden"}]}]},{"type":"listItem","content":[{"type":"paragraph","content":[{"type":"text","marks":[{"type":"strike"}],"text":"Open lead knop moet lichtblauw (kleur eijsink)"}]}]},{"type":"listItem","content":[{"type":"paragraph","content":[{"type":"text","marks":[{"type":"strike"}],"text":"Nieuw showroombezoek (redirect naar dynamics afspraken)"}]}]},{"type":"listItem","content":[{"type":"paragraph","content":[{"type":"text","marks":[{"type":"strike"}],"text":"Lead toevoegen knop in leadview"}]}]},{"type":"listItem","content":[{"type":"paragraph","content":[{"type":"text","marks":[{"type":"strike"}],"text":"Snel naar verkoopkansen in leadview"}]}]},{"type":"listItem","content":[{"type":"paragraph","content":[{"type":"text","marks":[{"type":"strike"}],"text":"Aanmaakdatum toevoegen in Leadview (ook op kunnen filteren)"}]}]},{"type":"listItem","content":[{"type":"paragraph","content":[{"type":"text","marks":[{"type":"strike"}],"text":"Styling fixen van verkoopkans detail"}]}]},{"type":"listItem","content":[{"type":"paragraph","content":[{"type":"text","marks":[{"type":"strike"}],"text":"Standaard de open leads laten zien ipv Alle"}]}]},{"type":"listItem","content":[{"type":"paragraph","content":[{"type":"text","marks":[{"type":"strike"}],"text":"Openstaande Verkoopkansen"}]},{"type":"bulletList","content":[{"type":"listItem","content":[{"type":"paragraph","content":[{"type":"text","marks":[{"type":"strike"}],"text":"Snel naar verkoopkans aanmaken met button"}]}]}]}]},{"type":"listItem","content":[{"type":"paragraph","content":[{"type":"text","marks":[{"type":"strike"}],"text":"Dubbelklik op taak moet je naar de taak in dynamics leiden"}]}]},{"type":"listItem","content":[{"type":"paragraph","content":[{"type":"text","marks":[{"type":"strike"}],"text":"Gespreksverslag door kunnen klikken richting dynamics"}]}]},{"type":"listItem","content":[{"type":"paragraph","content":[{"type":"text","marks":[{"type":"strike"}],"text":"bij klantenparaplu details moet je snel een verkoopkans & gespreksverslag kunnen aanmaken"}]},{"type":"bulletList","content":[{"type":"listItem","content":[{"type":"paragraph","content":[{"type":"text","marks":[{"type":"strike"}],"text":"Kijken naar mogelijkheid om velden te prefillen"}]}]}]}]},{"type":"listItem","content":[{"type":"paragraph","content":[{"type":"text","marks":[{"type":"strike"}],"text":"Op klantenparaplu details een sectie met Contactmomenten hebben op basis van Accounttype"}]},{"type":"bulletList","content":[{"type":"listItem","content":[{"type":"paragraph","content":[{"type":"text","marks":[{"type":"strike"}],"text":"Goud = 4"}]}]},{"type":"listItem","content":[{"type":"paragraph","content":[{"type":"text","marks":[{"type":"strike"}],"text":"Zilver = 3"}]}]},{"type":"listItem","content":[{"type":"paragraph","content":[{"type":"text","marks":[{"type":"strike"}],"text":"Brons = 1"}]}]},{"type":"listItem","content":[{"type":"paragraph","content":[{"type":"text","marks":[{"type":"strike"}],"text":"Waarde word bepaald door geregistreerde gespreksverslagen in het huidige jaar"}]}]}]}]},{"type":"listItem","content":[{"type":"paragraph","content":[{"type":"text","marks":[{"type":"strike"}],"text":"Vestigingen dubbel klikken werkt niet."}]}]},{"type":"listItem","content":[{"type":"paragraph","content":[{"type":"text","marks":[{"type":"strike"}],"text":"Product Tab moet volgende nog laten zien:"}]},{"type":"bulletList","content":[{"type":"listItem","content":[{"type":"paragraph","content":[{"type":"text","marks":[{"type":"strike"}],"text":"Alle Prijzen"}]}]},{"type":"listItem","content":[{"type":"paragraph","content":[{"type":"text","marks":[{"type":"strike"}],"text":"Aantal"}]}]}]}]},{"type":"listItem","content":[{"type":"paragraph","content":[{"type":"text","marks":[{"type":"strike"}],"text":"Eigenaar lookup opzoeken in taak aanmaken om taak aan iemand anders toe te wijzen."}]}]},{"type":"listItem","content":[{"type":"paragraph","content":[{"type":"text","marks":[{"type":"strike"}],"text":"Bel filter bij taken"}]}]},{"type":"listItem","content":[{"type":"paragraph","content":[{"type":"text","marks":[{"type":"strike"}],"text":"Verkoopkans properties kunnen aanpassen"}]}]},{"type":"listItem","content":[{"type":"paragraph","content":[{"type":"text","marks":[{"type":"strike"}],"text":"Verkoopkans datum in het tabje zetten: Gemaakt op"}]}]},{"type":"listItem","content":[{"type":"paragraph","content":[{"type":"text","marks":[{"type":"strike"}],"text":"Popup maken voor verplichte velden voor Binnenhalen en afsluiten verkoopkans"}]}]},{"type":"listItem","content":[{"type":"paragraph","content":[{"type":"text","marks":[{"type":"strike"}],"text":"Aantal belletjes laten zien bij taken op dashboard"}]}]},{"type":"listItem","content":[{"type":"paragraph","content":[{"type":"text","marks":[{"type":"strike"}],"text":"27-10-2025"}]},{"type":"bulletList","content":[{"type":"listItem","content":[{"type":"paragraph","content":[{"type":"text","marks":[{"type":"strike"}],"text":"Extra sectie taken bij verkoopkans om taken te laten zien."}]}]},{"type":"listItem","content":[{"type":"paragraph","content":[{"type":"text","marks":[{"type":"strike"}],"text":"Knop om taak aan te maken binnen verkoopkans."}]},{"type":"bulletList","content":[{"type":"listItem","content":[{"type":"paragraph","content":[{"type":"text","marks":[{"type":"strike"}],"text":"al bestaande form laten zien"}]}]},{"type":"listItem","content":[{"type":"paragraph","content":[{"type":"text","marks":[{"type":"strike"}],"text":"account en verkoopkans prefillen."}]}]}]}]},{"type":"listItem","content":[{"type":"paragraph","content":[{"type":"text","marks":[{"type":"strike"}],"text":"Hoeveel openstaande taken er nog zijn per verkoopkans."}]}]},{"type":"listItem","content":[{"type":"paragraph","content":[{"type":"text","marks":[{"type":"strike"}],"text":"Belletje aan toevoegen als taak over datum is."}]}]},{"type":"listItem","content":[{"type":"paragraph","content":[{"type":"text","marks":[{"type":"strike"}],"text":"Tijd in fase bij verkoopkans details klopt niet."}]}]},{"type":"listItem","content":[{"type":"paragraph","content":[{"type":"text","marks":[{"type":"strike"}],"text":"Type check bij taak eigenaar/ verkoopkans."}]}]},{"type":"listItem","content":[{"type":"paragraph","content":[{"type":"text","marks":[{"type":"strike"}],"text":"Type tonen verkoopkanstaak"}]}]},{"type":"listItem","content":[{"type":"paragraph","content":[{"type":"text","marks":[{"type":"strike"}],"text":"Extra filter voor toevoegen."}]}]},{"type":"listItem","content":[{"type":"paragraph","content":[{"type":"text","marks":[{"type":"strike"}],"text":"Agenda View"}]},{"type":"bulletList","content":[{"type":"listItem","content":[{"type":"paragraph","content":[{"type":"text","marks":[{"type":"strike"}],"text":"icoontje links naast logo."}]}]},{"type":"listItem","content":[{"type":"paragraph","content":[{"type":"text","marks":[{"type":"strike"}],"text":"Taken en afspraken"}]}]}]}]},{"type":"listItem","content":[{"type":"paragraph","content":[{"type":"text","marks":[{"type":"strike"}],"text":"Klanten paraplu"}]},{"type":"bulletList","content":[{"type":"listItem","content":[{"type":"paragraph","content":[{"type":"text","marks":[{"type":"strike"}],"text":"Op mainview:"}]},{"type":"bulletList","content":[{"type":"listItem","content":[{"type":"paragraph","content":[{"type":"text","marks":[{"type":"strike"}],"text":"Branche"}]}]},{"type":"listItem","content":[{"type":"paragraph","content":[{"type":"text","marks":[{"type":"strike"}],"text":"Segment Branche"}]}]},{"type":"listItem","content":[{"type":"paragraph","content":[{"type":"text","marks":[{"type":"strike"}],"text":"Huidige Bricks"}]}]}]}]},{"type":"listItem","content":[{"type":"paragraph","content":[{"type":"text","marks":[{"type":"strike"}],"text":"Op detail view:"}]},{"type":"bulletList","content":[{"type":"listItem","content":[{"type":"paragraph","content":[{"type":"text","marks":[{"type":"strike"}],"text":"Meerdere filters tegelijk kunnen toevoegen."}]}]}]}]}]}]}]}]},{"type":"listItem","content":[{"type":"paragraph","content":[{"type":"text","marks":[{"type":"strike"}],"text":"28-10-2025"}]},{"type":"bulletList","content":[{"type":"listItem","content":[{"type":"paragraph","content":[{"type":"text","marks":[{"type":"strike"}],"text":"Klantenparaplu"}]},{"type":"bulletList","content":[{"type":"listItem","content":[{"type":"paragraph","content":[{"type":"text","marks":[{"type":"strike"}],"text":"Terras filter"}]}]},{"type":"listItem","content":[{"type":"paragraph","content":[{"type":"text","marks":[{"type":"strike"}],"text":"Openstaande taken verkoopkans"}]}]},{"type":"listItem","content":[{"type":"paragraph","content":[{"type":"text","marks":[{"type":"strike"}],"text":"Branch, Segment, Bricks, Terras op detail en overview"}]}]}]}]},{"type":"listItem","content":[{"type":"paragraph","content":[{"type":"text","marks":[{"type":"strike"}],"text":"Dashboard"}]},{"type":"bulletList","content":[{"type":"listItem","content":[{"type":"paragraph","content":[{"type":"text","marks":[{"type":"strike"}],"text":"Tekst laden kleiner"}]}]}]}]},{"type":"listItem","content":[{"type":"paragraph","content":[{"type":"text","marks":[{"type":"strike"}],"text":"aantal minuten in openstaande verkoopkansen werkt niet"}]}]},{"type":"listItem","content":[{"type":"paragraph","content":[{"type":"text","marks":[{"type":"strike"}],"text":"Openstaande taken op Openstaande Verkoopkansen view"}]}]},{"type":"listItem","content":[{"type":"paragraph","content":[{"type":"text","marks":[{"type":"strike"}],"text":"Te laat taken op Openstaande Verkoopkansen view"}]}]},{"type":"listItem","content":[{"type":"paragraph","content":[{"type":"text","marks":[{"type":"strike"}],"text":"switch calender view"}]}]},{"type":"listItem","content":[{"type":"paragraph","content":[{"type":"text","marks":[{"type":"strike"}],"text":"Onderscheid maken tussen taak op verkoopkans of account"}]}]}]}]}]},{"type":"bulletList","content":[{"type":"listItem","content":[{"type":"paragraph","content":[{"type":"text","marks":[{"type":"strike"}],"text":"29-10-2025"}]},{"type":"bulletList","content":[{"type":"listItem","content":[{"type":"paragraph","content":[{"type":"text","marks":[{"type":"strike"}],"text":"Na het aanmaken van een taak op een verkoopkans weer terug gaan naar de verkoopkans"}]}]},{"type":"listItem","content":[{"type":"paragraph","content":[{"type":"text","marks":[{"type":"strike"}],"text":"Logo van hoofd in Agenda view."}]}]},{"type":"listItem","content":[{"type":"paragraph","content":[{"type":"text","marks":[{"type":"strike"}],"text":"Standaard komt taak op Verkoopkans, dit moet niet zo zijn"}]}]},{"type":"listItem","content":[{"type":"paragraph","content":[{"type":"text","marks":[{"type":"strike"}],"text":"Afspraken daadwerkelijk laten zien op agenda view."}]}]},{"type":"listItem","content":[{"type":"paragraph","content":[{"type":"text","marks":[{"type":"strike"}],"text":"Openstaande Leads alleen maar het aantal van openstaand laten zien."}]}]},{"type":"listItem","content":[{"type":"paragraph","content":[{"type":"text","marks":[{"type":"strike"}],"text":"Klantparaplu fixen door pagination toe te voegen"}]}]}]}]},{"type":"listItem","content":[{"type":"paragraph","content":[{"type":"text","text":"31-10-2025"}]},{"type":"bulletList","content":[{"type":"listItem","content":[{"type":"paragraph","content":[{"type":"text","marks":[{"type":"strike"}],"text":"Interesse in fixen multiselect."}]}]},{"type":"listItem","content":[{"type":"paragraph","content":[{"type":"text","marks":[{"type":"strike"}],"text":"Account veld maken: Upsell mogelijkheden ja/nee"}]}]},{"type":"listItem","content":[{"type":"paragraph","content":[{"type":"text","marks":[{"type":"strike"}],"text":"laten zien op klantenparaplu"}]}]},{"type":"listItem","content":[{"type":"paragraph","content":[{"type":"text","marks":[{"type":"strike"}],"text":"Boven bij openstaande verkoopkans een filter toevoegen voor alleen verkoopkansen met openstaande taken"}]}]},{"type":"listItem","content":[{"type":"paragraph","content":[{"type":"text","marks":[{"type":"strike"}],"text":"Mijn Agenda"}]},{"type":"bulletList","content":[{"type":"listItem","content":[{"type":"paragraph","content":[{"type":"text","marks":[{"type":"strike"}],"text":"Filter voor belletje"}]}]},{"type":"listItem","content":[{"type":"paragraph","content":[{"type":"text","marks":[{"type":"strike"}],"text":"Doorklikmogelijkheden voor de tabs bovenaan"}]}]}]}]},{"type":"listItem","content":[{"type":"paragraph","content":[{"type":"text","marks":[{"type":"strike"}],"text":"Klantenparaplu"}]},{"type":"bulletList","content":[{"type":"listItem","content":[{"type":"paragraph","content":[{"type":"text","marks":[{"type":"strike"}],"text":"Taken kunnen afvinken bij vestiging details oid"}]}]}]}]},{"type":"listItem","content":[{"type":"paragraph","content":[{"type":"text","marks":[{"type":"strike"}],"text":"Taken"}]},{"type":"bulletList","content":[{"type":"listItem","content":[{"type":"paragraph","content":[{"type":"text","marks":[{"type":"strike"}],"text":"Filteren op datum"}]}]}]}]},{"type":"listItem","content":[{"type":"paragraph","content":[{"type":"text","marks":[{"type":"strike"}],"text":"Als je vanaf klantenparaplu details naar gespreksverslag aanmaken gaat moet hij weer terug naar de klantenparaplu daarna."}]}]}]}]}]}]}', 'Dashboard:Logo rechtsboven boven titelOnder Sales cockpit: Goeiemorgen {gebruiker}Openstaande offertes border kleur van paars naar groenBij openstaande offertes het volgende laten zien:Offertes verlopen (uitroepteken en rode tekst)Offertes die bijna verlopen (Oranje tekst)Gemiddelde dagen open (zwarte tekst)Sales Cockpit -> Eijsink Sales CockpitVinkje als je over vierkantje heen hovert openstaande takenOpenstaande taken default background wit en met hover: #FFD6A5Snelle acties knoppen default lichtgeel en hover donker.Bekijk details weghalen en dan Eijsink vierkantje er neerzetten (linksonder heeft voorkeur)Logos de zelfde kleur als top borderIcoontjes snelle acties aanpassenTekst van taakstatus zwartAls de taak over datum is een belletje erbij zetten.Openstaande verkoopkansen een knop in het overview met Verkoopkans binnenhalenLanger als 5 dagen in een fase = roodmakenAfsluiten extra knop in overviewextra sectie met gewonnen verkoopkansenOpenstaande offertesKunnen filteren tussen Verlopen, Binnenkort of Actief.Op tabelheaders klikken moet zorgen voor sortering.Gespreksverslagen:Teams videocall icoontje van teams gebruiken.Een tijdsselectie bijvoegen die moet starten op de tijd van nu.Filter voor recente activiteitenKlantenparaplu:Een knop om klant goud ja/ nee te makeneen extra filter voor goud/ zilver/ brons klantenEen extra filter voor Hoofdaccount maximaal aantalStatussen verkoopkansVerkoopkans nummer toevoegen in view en detailpage\\Blokjes verkoopkansen minder harde kleur maken (beetje net als geel)Detail verkoopkans ook echt naar de verkoopkans zelf kunnenGemiddelde tijd open verkoopkansenTeams icoontjeTaken kunnen aanmakenSnel lead aanmakenAccoutnaamContactpersoonvoornaamachternaamemailmobielType kansOnderwerpCategorie leadKanaalMeer details over lead toevoegenNieuwe verkoopkans aanmmakengewonnen verkoopkansen (datumfilter)zoekbalk bij takenKlantenparaplu nalopen en fixenLeads moeten ge(dis)kwalificeerd kunnen wordenOpen lead knop moet lichtblauw (kleur eijsink)Nieuw showroombezoek (redirect naar dynamics afspraken)Lead toevoegen knop in leadviewSnel naar verkoopkansen in leadviewAanmaakdatum toevoegen in Leadview (ook op kunnen filteren)Styling fixen van verkoopkans detailStandaard de open leads laten zien ipv AlleOpenstaande VerkoopkansenSnel naar verkoopkans aanmaken met buttonDubbelklik op taak moet je naar de taak in dynamics leidenGespreksverslag door kunnen klikken richting dynamicsbij klantenparaplu details moet je snel een verkoopkans & gespreksverslag kunnen aanmakenKijken naar mogelijkheid om velden te prefillenOp klantenparaplu details een sectie met Contactmomenten hebben op basis van AccounttypeGoud = 4Zilver = 3Brons = 1Waarde word bepaald door geregistreerde gespreksverslagen in het huidige jaarVestigingen dubbel klikken werkt niet.Product Tab moet volgende nog laten zien:Alle PrijzenAantalEigenaar lookup opzoeken in taak aanmaken om taak aan iemand anders toe te wijzen.Bel filter bij takenVerkoopkans properties kunnen aanpassenVerkoopkans datum in het tabje zetten: Gemaakt opPopup maken voor verplichte velden voor Binnenhalen en afsluiten verkoopkansAantal belletjes laten zien bij taken op dashboard27-10-2025Extra sectie taken bij verkoopkans om taken te laten zien.Knop om taak aan te maken binnen verkoopkans.al bestaande form laten zienaccount en verkoopkans prefillen.Hoeveel openstaande taken er nog zijn per verkoopkans.Belletje aan toevoegen als taak over datum is.Tijd in fase bij verkoopkans details klopt niet.Type check bij taak eigenaar/ verkoopkans.Type tonen verkoopkanstaakExtra filter voor toevoegen.Agenda Viewicoontje links naast logo.Taken en afsprakenKlanten parapluOp mainview:BrancheSegment BrancheHuidige BricksOp detail view:Meerdere filters tegelijk kunnen toevoegen.28-10-2025KlantenparapluTerras filterOpenstaande taken verkoopkansBranch, Segment, Bricks, Terras op detail en overviewDashboardTekst laden kleineraantal minuten in openstaande verkoopkansen werkt nietOpenstaande taken op Openstaande Verkoopkansen viewTe laat taken op Openstaande Verkoopkansen viewswitch calender viewOnderscheid maken tussen taak op verkoopkans of account29-10-2025Na het aanmaken van een taak op een verkoopkans weer terug gaan naar de verkoopkansLogo van hoofd in Agenda view.Standaard komt taak op Verkoopkans, dit moet niet zo zijnAfspraken daadwerkelijk laten zien op agenda view.Openstaande Leads alleen maar het aantal van openstaand laten zien.Klantparaplu fixen door pagination toe te voegen31-10-2025Interesse in fixen multiselect.Account veld maken: Upsell mogelijkheden ja/neelaten zien op klantenparapluBoven bij openstaande verkoopkans een filter toevoegen voor alleen verkoopkansen met openstaande takenMijn AgendaFilter voor belletjeDoorklikmogelijkheden voor de tabs bovenaanKlantenparapluTaken kunnen afvinken bij vestiging details oidTakenFilteren op datumAls je vanaf klantenparaplu details naar gespreksverslag aanmaken gaat moet hij weer terug naar de klantenparaplu daarna.', NULL, 1761122282348, 1761909603787);
INSERT INTO `pagecontent` (`id`, `pageId`, `html`, `json`, `text`, `canvasJson`, `createdAt`, `updatedAt`) VALUES ('cmh239ede013i3rqpjnn2ln4u', 'cmh239b11013e3rqpono5c9ih', '<ul><li><p><s>Wanneer een event is geweest bij meerdere dagen niet meer laten zien</s></p></li><li><p><s>Bij online bijeenkomst locatie van het evenement weghalen.</s></p></li></ul>', '{"type":"doc","content":[{"type":"bulletList","content":[{"type":"listItem","content":[{"type":"paragraph","content":[{"type":"text","marks":[{"type":"strike"}],"text":"Wanneer een event is geweest bij meerdere dagen niet meer laten zien"}]}]},{"type":"listItem","content":[{"type":"paragraph","content":[{"type":"text","marks":[{"type":"strike"}],"text":"Bij online bijeenkomst locatie van het evenement weghalen."}]}]}]}]}', 'Wanneer een event is geweest bij meerdere dagen niet meer laten zienBij online bijeenkomst locatie van het evenement weghalen.', NULL, 1761143319554, 1761203960585);
INSERT INTO `pagecontent` (`id`, `pageId`, `html`, `json`, `text`, `canvasJson`, `createdAt`, `updatedAt`) VALUES ('cmheu6t5f004fzng1rxhl2nxg', 'cmhetjvc6004bzng16r9dkz7r', '<p><s>Even kijken naar de handigste manier om nieuwe artikelen te importeren:</s></p><ul><li><p><s>Mutatie status heeft mijn voorkeur</s></p></li><li><p><s>Jan gaat intern overleggen wat handig is voor het aanmaken van artikelen.</s></p></li></ul><p><s>Mutatie status delete moet echt gedelete worden uit portal en dynamics</s></p><p><s>Ze willen een URL om de powerautomate flow aan te roepen met de Azure URL</s></p><p><s>Ze willen graag het ophalen van de artikel details in 1 bulk request.</s></p>', '{"type":"doc","content":[{"type":"paragraph","content":[{"type":"text","marks":[{"type":"strike"}],"text":"Even kijken naar de handigste manier om nieuwe artikelen te importeren:"}]},{"type":"bulletList","content":[{"type":"listItem","content":[{"type":"paragraph","content":[{"type":"text","marks":[{"type":"strike"}],"text":"Mutatie status heeft mijn voorkeur"}]}]},{"type":"listItem","content":[{"type":"paragraph","content":[{"type":"text","marks":[{"type":"strike"}],"text":"Jan gaat intern overleggen wat handig is voor het aanmaken van artikelen."}]}]}]},{"type":"paragraph","content":[{"type":"text","marks":[{"type":"strike"}],"text":"Mutatie status delete moet echt gedelete worden uit portal en dynamics"}]},{"type":"paragraph","content":[{"type":"text","marks":[{"type":"strike"}],"text":"Ze willen een URL om de powerautomate flow aan te roepen met de Azure URL"}]},{"type":"paragraph","content":[{"type":"text","marks":[{"type":"strike"}],"text":"Ze willen graag het ophalen van de artikel details in 1 bulk request."}]}]}', 'Even kijken naar de handigste manier om nieuwe artikelen te importeren:Mutatie status heeft mijn voorkeurJan gaat intern overleggen wat handig is voor het aanmaken van artikelen.Mutatie status delete moet echt gedelete worden uit portal en dynamicsZe willen een URL om de powerautomate flow aan te roepen met de Azure URLZe willen graag het ophalen van de artikel details in 1 bulk request.', NULL, 1761914142484, 1763161876812);
INSERT INTO `pagecontent` (`id`, `pageId`, `html`, `json`, `text`, `canvasJson`, `createdAt`, `updatedAt`) VALUES ('cmhj21lxn005vzng1aykxdq5k', 'cmhj20rdz005rzng1hzgu203f', '<ul><li><p><s>Breder maken van productgrid</s></p></li><li><p><s>Categorienaam in PCF kunnen aanpassen</s></p></li><li><p><s>Offerteproducttypes:</s></p><ul><li><p><s>Standaard kunnen invullen bij dynamics form</s></p></li><li><p><s>Keuzemenu met knop links naast refresh.</s></p></li></ul></li><li><p><s>Schuine tekst om te zeggen dat de producten moeten worden ververst na het toevoegen.</s></p></li><li><p><s>Categorieen ook volledig kunnen verslepen ipv alleen producten onderling. Moeten eerst op basis van alfabetische volgorde een standaard nummer krijgen.</s></p></li><li><p><s>Overleggen over het aanpassen van labels.</s></p></li><li><p><s>Tussentabel voor geselecteerde categorieen en de hoofd volgnummers</s></p></li><li><p><s>Volgnummer aanpassen naar decimale value in plaats van tekst value</s></p></li></ul>', '{"type":"doc","content":[{"type":"bulletList","content":[{"type":"listItem","content":[{"type":"paragraph","content":[{"type":"text","marks":[{"type":"strike"}],"text":"Breder maken van productgrid"}]}]},{"type":"listItem","content":[{"type":"paragraph","content":[{"type":"text","marks":[{"type":"strike"}],"text":"Categorienaam in PCF kunnen aanpassen"}]}]},{"type":"listItem","content":[{"type":"paragraph","content":[{"type":"text","marks":[{"type":"strike"}],"text":"Offerteproducttypes:"}]},{"type":"bulletList","content":[{"type":"listItem","content":[{"type":"paragraph","content":[{"type":"text","marks":[{"type":"strike"}],"text":"Standaard kunnen invullen bij dynamics form"}]}]},{"type":"listItem","content":[{"type":"paragraph","content":[{"type":"text","marks":[{"type":"strike"}],"text":"Keuzemenu met knop links naast refresh."}]}]}]}]},{"type":"listItem","content":[{"type":"paragraph","content":[{"type":"text","marks":[{"type":"strike"}],"text":"Schuine tekst om te zeggen dat de producten moeten worden ververst na het toevoegen."}]}]},{"type":"listItem","content":[{"type":"paragraph","content":[{"type":"text","marks":[{"type":"strike"}],"text":"Categorieen ook volledig kunnen verslepen ipv alleen producten onderling. Moeten eerst op basis van alfabetische volgorde een standaard nummer krijgen."}]}]},{"type":"listItem","content":[{"type":"paragraph","content":[{"type":"text","marks":[{"type":"strike"}],"text":"Overleggen over het aanpassen van labels."}]}]},{"type":"listItem","content":[{"type":"paragraph","content":[{"type":"text","marks":[{"type":"strike"}],"text":"Tussentabel voor geselecteerde categorieen en de hoofd volgnummers"}]}]},{"type":"listItem","content":[{"type":"paragraph","content":[{"type":"text","marks":[{"type":"strike"}],"text":"Volgnummer aanpassen naar decimale value in plaats van tekst value"}]}]}]}]}', 'Breder maken van productgridCategorienaam in PCF kunnen aanpassenOfferteproducttypes:Standaard kunnen invullen bij dynamics formKeuzemenu met knop links naast refresh.Schuine tekst om te zeggen dat de producten moeten worden ververst na het toevoegen.Categorieen ook volledig kunnen verslepen ipv alleen producten onderling. Moeten eerst op basis van alfabetische volgorde een standaard nummer krijgen.Overleggen over het aanpassen van labels.Tussentabel voor geselecteerde categorieen en de hoofd volgnummersVolgnummer aanpassen naar decimale value in plaats van tekst value', NULL, 1762169201483, 1763161824826);
INSERT INTO `pagecontent` (`id`, `pageId`, `html`, `json`, `text`, `canvasJson`, `createdAt`, `updatedAt`) VALUES ('cmhm0kae7007hzng16qbya9z2', 'cmhm0k109007dzng1m9kd77fl', '<ul><li><p><s>Third Party Types moeten altijd zichtbaar zijn</s></p></li><li><p><s>Index Fees moeten altijd zichtbaar zijn behalve als msquad_c_fixindex op NVT staat: 635870000</s></p></li><li><p><s>alleen OTC fees zijn afhankelijk van de Ja/ Nee MQY fees, de rest allemaal niet</s></p></li></ul>', '{"type":"doc","content":[{"type":"bulletList","content":[{"type":"listItem","content":[{"type":"paragraph","content":[{"type":"text","marks":[{"type":"strike"}],"text":"Third Party Types moeten altijd zichtbaar zijn"}]}]},{"type":"listItem","content":[{"type":"paragraph","content":[{"type":"text","marks":[{"type":"strike"}],"text":"Index Fees moeten altijd zichtbaar zijn behalve als msquad_c_fixindex op NVT staat: 635870000"}]}]},{"type":"listItem","content":[{"type":"paragraph","content":[{"type":"text","marks":[{"type":"strike"}],"text":"alleen OTC fees zijn afhankelijk van de Ja/ Nee MQY fees, de rest allemaal niet"}]}]}]}]}', 'Third Party Types moeten altijd zichtbaar zijnIndex Fees moeten altijd zichtbaar zijn behalve als msquad_c_fixindex op NVT staat: 635870000alleen OTC fees zijn afhankelijk van de Ja/ Nee MQY fees, de rest allemaal niet', NULL, 1762348112288, 1762351314585);
INSERT INTO `pagecontent` (`id`, `pageId`, `html`, `json`, `text`, `canvasJson`, `createdAt`, `updatedAt`) VALUES ('cmhm67h440089zng15fpfhv7p', 'cmhm66vw60085zng1zi4j4k6t', '<p>pcf dashboard 4 tabs</p><ul><li><p>Huidige dash maar beter en mooier</p></li><li><p>Agenda &amp; taken view</p></li><li><p>Slimme zoek functie voor kandidaten</p></li><li><p>Kandidaten voor een bepaalde vacature snel (dis)kwalificeren</p></li></ul>', '{"type":"doc","content":[{"type":"paragraph","content":[{"type":"text","text":"pcf dashboard 4 tabs"}]},{"type":"bulletList","content":[{"type":"listItem","content":[{"type":"paragraph","content":[{"type":"text","text":"Huidige dash maar beter en mooier"}]}]},{"type":"listItem","content":[{"type":"paragraph","content":[{"type":"text","text":"Agenda & taken view"}]}]},{"type":"listItem","content":[{"type":"paragraph","content":[{"type":"text","text":"Slimme zoek functie voor kandidaten"}]}]},{"type":"listItem","content":[{"type":"paragraph","content":[{"type":"text","text":"Kandidaten voor een bepaalde vacature snel (dis)kwalificeren"}]}]}]}]}', 'pcf dashboard 4 tabsHuidige dash maar beter en mooierAgenda & taken viewSlimme zoek functie voor kandidatenKandidaten voor een bepaalde vacature snel (dis)kwalificeren', NULL, 1762357592165, 1762414589164);
INSERT INTO `pagecontent` (`id`, `pageId`, `html`, `json`, `text`, `canvasJson`, `createdAt`, `updatedAt`) VALUES ('cmhoni6ar008szng1symb99vm', 'cmhoni2qs008ozng12vve1xl0', '<ul><li><p><s>pcf dashboard 4 tabs</s></p></li><li><p><s>Huidige dash maar beter en mooier</s></p></li><li><p><s>Agenda &amp; taken view</s></p></li><li><p><s>Slimme zoek functie voor kandidaten</s></p></li><li><p><s>Kandidaten voor een bepaalde vacature snel (dis)kwalificeren</s></p></li><li><p><s>Evenementen pagina met deelnemers etc</s></p></li><li><p><s>Linkedin en copilot logo rechtsbovenin</s></p></li><li><p><s>Filters wissen styling aanpassen</s></p></li><li><p><s>Popup tonen taak voltooid</s></p></li><li><p><s>Styling fixen, is kapot gegaan door gemiddeld aantal dagen in procedure</s></p></li><li><p><s>Doelstellingen pagina</s></p><ul><li><p><s>Dus door elke vacature heen gaan die op type accounts staan bijv, en dan kijken hoeveel aangenomen kandidaten.</s></p></li><li><p><s>kosten plaats maar hoeft niet altijd geselecteerd te zijn</s></p></li></ul></li><li><p><s>Skills, Current company, past company, Werkervaring/ hoeveel jaar je werkt (</s><strong><s>tenure)</s></strong><s>, seniority </s></p></li></ul>', '{"type":"doc","content":[{"type":"bulletList","content":[{"type":"listItem","content":[{"type":"paragraph","content":[{"type":"text","marks":[{"type":"strike"}],"text":"pcf dashboard 4 tabs"}]}]},{"type":"listItem","content":[{"type":"paragraph","content":[{"type":"text","marks":[{"type":"strike"}],"text":"Huidige dash maar beter en mooier"}]}]},{"type":"listItem","content":[{"type":"paragraph","content":[{"type":"text","marks":[{"type":"strike"}],"text":"Agenda & taken view"}]}]},{"type":"listItem","content":[{"type":"paragraph","content":[{"type":"text","marks":[{"type":"strike"}],"text":"Slimme zoek functie voor kandidaten"}]}]},{"type":"listItem","content":[{"type":"paragraph","content":[{"type":"text","marks":[{"type":"strike"}],"text":"Kandidaten voor een bepaalde vacature snel (dis)kwalificeren"}]}]},{"type":"listItem","content":[{"type":"paragraph","content":[{"type":"text","marks":[{"type":"strike"}],"text":"Evenementen pagina met deelnemers etc"}]}]},{"type":"listItem","content":[{"type":"paragraph","content":[{"type":"text","marks":[{"type":"strike"}],"text":"Linkedin en copilot logo rechtsbovenin"}]}]},{"type":"listItem","content":[{"type":"paragraph","content":[{"type":"text","marks":[{"type":"strike"}],"text":"Filters wissen styling aanpassen"}]}]},{"type":"listItem","content":[{"type":"paragraph","content":[{"type":"text","marks":[{"type":"strike"}],"text":"Popup tonen taak voltooid"}]}]},{"type":"listItem","content":[{"type":"paragraph","content":[{"type":"text","marks":[{"type":"strike"}],"text":"Styling fixen, is kapot gegaan door gemiddeld aantal dagen in procedure"}]}]},{"type":"listItem","content":[{"type":"paragraph","content":[{"type":"text","marks":[{"type":"strike"}],"text":"Doelstellingen pagina"}]},{"type":"bulletList","content":[{"type":"listItem","content":[{"type":"paragraph","content":[{"type":"text","marks":[{"type":"strike"}],"text":"Dus door elke vacature heen gaan die op type accounts staan bijv, en dan kijken hoeveel aangenomen kandidaten."}]}]},{"type":"listItem","content":[{"type":"paragraph","content":[{"type":"text","marks":[{"type":"strike"}],"text":"kosten plaats maar hoeft niet altijd geselecteerd te zijn"}]}]}]}]},{"type":"listItem","content":[{"type":"paragraph","content":[{"type":"text","marks":[{"type":"strike"}],"text":"Skills, Current company, past company, Werkervaring/ hoeveel jaar je werkt ("},{"type":"text","marks":[{"type":"bold"},{"type":"strike"}],"text":"tenure)"},{"type":"text","marks":[{"type":"strike"}],"text":", seniority "}]}]}]}]}', 'pcf dashboard 4 tabsHuidige dash maar beter en mooierAgenda & taken viewSlimme zoek functie voor kandidatenKandidaten voor een bepaalde vacature snel (dis)kwalificerenEvenementen pagina met deelnemers etcLinkedin en copilot logo rechtsboveninFilters wissen styling aanpassenPopup tonen taak voltooidStyling fixen, is kapot gegaan door gemiddeld aantal dagen in procedureDoelstellingen paginaDus door elke vacature heen gaan die op type accounts staan bijv, en dan kijken hoeveel aangenomen kandidaten.kosten plaats maar hoeft niet altijd geselecteerd te zijnSkills, Current company, past company, Werkervaring/ hoeveel jaar je werkt (tenure), seniority', NULL, 1762507577188, 1763161837666);
INSERT INTO `pagecontent` (`id`, `pageId`, `html`, `json`, `text`, `canvasJson`, `createdAt`, `updatedAt`) VALUES ('cmhrpltue00atzng1mw7of8eb', 'cmhrpl3w400apzng1fgeauevh', '<ul><li><p><s>Configuration settings</s></p><ul><li><p><s>Properties</s></p></li></ul></li><li><p><s>Image upload (de Jong &amp; Laan)</s></p></li><li><p>Formatted odata name value in markdown bestand zetten</p></li><li><p>OptionSets ophalen vanuit dataverse toevoegen</p></li><li><p>Execute operations uitzoeken en documenteren in PCF example</p></li><li><p>pagination documenteren</p></li><li><p>Headers hiden in PCF example verwerken</p></li><li><p>Componenten library publiceren naar github</p></li></ul>', '{"type":"doc","content":[{"type":"bulletList","content":[{"type":"listItem","content":[{"type":"paragraph","content":[{"type":"text","marks":[{"type":"strike"}],"text":"Configuration settings"}]},{"type":"bulletList","content":[{"type":"listItem","content":[{"type":"paragraph","content":[{"type":"text","marks":[{"type":"strike"}],"text":"Properties"}]}]}]}]},{"type":"listItem","content":[{"type":"paragraph","content":[{"type":"text","marks":[{"type":"strike"}],"text":"Image upload (de Jong & Laan)"}]}]},{"type":"listItem","content":[{"type":"paragraph","content":[{"type":"text","text":"Formatted odata name value in markdown bestand zetten"}]}]},{"type":"listItem","content":[{"type":"paragraph","content":[{"type":"text","text":"OptionSets ophalen vanuit dataverse toevoegen"}]}]},{"type":"listItem","content":[{"type":"paragraph","content":[{"type":"text","text":"Execute operations uitzoeken en documenteren in PCF example"}]}]},{"type":"listItem","content":[{"type":"paragraph","content":[{"type":"text","text":"pagination documenteren"}]}]},{"type":"listItem","content":[{"type":"paragraph","content":[{"type":"text","text":"Headers hiden in PCF example verwerken"}]}]},{"type":"listItem","content":[{"type":"paragraph","content":[{"type":"text","text":"Componenten library publiceren naar github"}]}]}]}]}', 'Configuration settingsPropertiesImage upload (de Jong & Laan)Formatted odata name value in markdown bestand zettenOptionSets ophalen vanuit dataverse toevoegenExecute operations uitzoeken en documenteren in PCF examplepagination documenterenHeaders hiden in PCF example verwerkenComponenten library publiceren naar github', NULL, 1762692505430, 1763387932822);
INSERT INTO `pagecontent` (`id`, `pageId`, `html`, `json`, `text`, `canvasJson`, `createdAt`, `updatedAt`) VALUES ('cmhszuawm00c6zng1p4uab0a0', 'cmhsztzsk00c2zng1kna8tqpl', '<ul><li><p><s>Implement template function for default setting.</s></p></li><li><p><s>Implement correct error handling in the windows notifications</s></p></li></ul>', '{"type":"doc","content":[{"type":"bulletList","content":[{"type":"listItem","content":[{"type":"paragraph","content":[{"type":"text","marks":[{"type":"strike"}],"text":"Implement template function for default setting."}]}]},{"type":"listItem","content":[{"type":"paragraph","content":[{"type":"text","marks":[{"type":"strike"}],"text":"Implement correct error handling in the windows notifications"}]}]}]}]}', 'Implement template function for default setting.Implement correct error handling in the windows notifications', NULL, 1762770163126, 1764846217482);
INSERT INTO `pagecontent` (`id`, `pageId`, `html`, `json`, `text`, `canvasJson`, `createdAt`, `updatedAt`) VALUES ('cmhw1jnpo00d3zng1pxmyoft7', 'cmhw1jlhx00czzng1ni34rwy5', '<ul><li><p>View User wishlist in admin page</p></li></ul><ul><li><p>API Limiter to use Redis/ Should be able to go External</p></li></ul><ul><li><p>View Most Added items in Wishlist</p></li></ul><ul><li><p>Being able to create coupons for specific brands/ categories</p></li></ul><ul><li><p>Maybe on new login has to accept from email?</p></li></ul><p></p>', '{"type":"doc","content":[{"type":"bulletList","content":[{"type":"listItem","content":[{"type":"paragraph","content":[{"type":"text","text":"View User wishlist in admin page"}]}]}]},{"type":"bulletList","content":[{"type":"listItem","content":[{"type":"paragraph","content":[{"type":"text","text":"API Limiter to use Redis/ Should be able to go External"}]}]}]},{"type":"bulletList","content":[{"type":"listItem","content":[{"type":"paragraph","content":[{"type":"text","text":"View Most Added items in Wishlist"}]}]}]},{"type":"bulletList","content":[{"type":"listItem","content":[{"type":"paragraph","content":[{"type":"text","text":"Being able to create coupons for specific brands/ categories"}]}]}]},{"type":"bulletList","content":[{"type":"listItem","content":[{"type":"paragraph","content":[{"type":"text","text":"Maybe on new login has to accept from email?"}]}]}]},{"type":"paragraph"}]}', 'View User wishlist in admin pageAPI Limiter to use Redis/ Should be able to go ExternalView Most Added items in WishlistBeing able to create coupons for specific brands/ categoriesMaybe on new login has to accept from email?', NULL, 1762954424268, 1762954424268);
INSERT INTO `pagecontent` (`id`, `pageId`, `html`, `json`, `text`, `canvasJson`, `createdAt`, `updatedAt`) VALUES ('cmhxjlmgg00dmzng14ym9u8wk', 'cmhxjlfxx00dizng12ubvp9vu', '<ul><li><p><s>2e tab is docusign:</s></p></li><li><p><s>Contracten alleen laten zien wanneer in fase signing msquad_contractphase = Signing</s></p></li><li><p><s>Main buttons op juiste positie: Docusign status (msquad_docusignstatus)</s></p></li><li><p><s>1e tab is approvers:</s></p></li><li><p><s>Extra tab voor Approval fase:</s></p><ul><li><p><s>Approvals sent moet true zijn</s></p></li><li><p><s>Dan willen alle contracten zien van een overview</s></p></li><li><p><s>Approval Type serial (2): moet dat contract uit zijn te klappen</s></p></li></ul></li><li><p><s>Active approval requests ophalen</s></p></li><li><p><s>Statecode eq 0 is actief</s></p></li><li><p><s>Alleen contracten laten zien van de current user.</s></p></li><li><p><s>Hij moet ook de afgekeurde approvers laten zien in 1e page</s></p></li><li><p><s>Status open en status afgekeurd laten zien. en status goedgekeurd</s></p></li><li><p><s>Volledig goedgekeurde in approval stage ook laten zien: msquad_approved</s></p></li><li><p><s>Borders groen,oranje, rood</s></p></li><li><p><s>Kleur standaard toevoegen en niet alleen op hover mag ie weg</s></p></li></ul>', '{"type":"doc","content":[{"type":"bulletList","content":[{"type":"listItem","content":[{"type":"paragraph","content":[{"type":"text","marks":[{"type":"strike"}],"text":"2e tab is docusign:"}]}]},{"type":"listItem","content":[{"type":"paragraph","content":[{"type":"text","marks":[{"type":"strike"}],"text":"Contracten alleen laten zien wanneer in fase signing msquad_contractphase = Signing"}]}]},{"type":"listItem","content":[{"type":"paragraph","content":[{"type":"text","marks":[{"type":"strike"}],"text":"Main buttons op juiste positie: Docusign status (msquad_docusignstatus)"}]}]},{"type":"listItem","content":[{"type":"paragraph","content":[{"type":"text","marks":[{"type":"strike"}],"text":"1e tab is approvers:"}]}]},{"type":"listItem","content":[{"type":"paragraph","content":[{"type":"text","marks":[{"type":"strike"}],"text":"Extra tab voor Approval fase:"}]},{"type":"bulletList","content":[{"type":"listItem","content":[{"type":"paragraph","content":[{"type":"text","marks":[{"type":"strike"}],"text":"Approvals sent moet true zijn"}]}]},{"type":"listItem","content":[{"type":"paragraph","content":[{"type":"text","marks":[{"type":"strike"}],"text":"Dan willen alle contracten zien van een overview"}]}]},{"type":"listItem","content":[{"type":"paragraph","content":[{"type":"text","marks":[{"type":"strike"}],"text":"Approval Type serial (2): moet dat contract uit zijn te klappen"}]}]}]}]},{"type":"listItem","content":[{"type":"paragraph","content":[{"type":"text","marks":[{"type":"strike"}],"text":"Active approval requests ophalen"}]}]},{"type":"listItem","content":[{"type":"paragraph","content":[{"type":"text","marks":[{"type":"strike"}],"text":"Statecode eq 0 is actief"}]}]},{"type":"listItem","content":[{"type":"paragraph","content":[{"type":"text","marks":[{"type":"strike"}],"text":"Alleen contracten laten zien van de current user."}]}]},{"type":"listItem","content":[{"type":"paragraph","content":[{"type":"text","marks":[{"type":"strike"}],"text":"Hij moet ook de afgekeurde approvers laten zien in 1e page"}]}]},{"type":"listItem","content":[{"type":"paragraph","content":[{"type":"text","marks":[{"type":"strike"}],"text":"Status open en status afgekeurd laten zien. en status goedgekeurd"}]}]},{"type":"listItem","content":[{"type":"paragraph","content":[{"type":"text","marks":[{"type":"strike"}],"text":"Volledig goedgekeurde in approval stage ook laten zien: msquad_approved"}]}]},{"type":"listItem","content":[{"type":"paragraph","content":[{"type":"text","marks":[{"type":"strike"}],"text":"Borders groen,oranje, rood"}]}]},{"type":"listItem","content":[{"type":"paragraph","content":[{"type":"text","marks":[{"type":"strike"}],"text":"Kleur standaard toevoegen en niet alleen op hover mag ie weg"}]}]}]}]}', '2e tab is docusign:Contracten alleen laten zien wanneer in fase signing msquad_contractphase = SigningMain buttons op juiste positie: Docusign status (msquad_docusignstatus)1e tab is approvers:Extra tab voor Approval fase:Approvals sent moet true zijnDan willen alle contracten zien van een overviewApproval Type serial (2): moet dat contract uit zijn te klappenActive approval requests ophalenStatecode eq 0 is actiefAlleen contracten laten zien van de current user.Hij moet ook de afgekeurde approvers laten zien in 1e pageStatus open en status afgekeurd laten zien. en status goedgekeurdVolledig goedgekeurde in approval stage ook laten zien: msquad_approvedBorders groen,oranje, roodKleur standaard toevoegen en niet alleen op hover mag ie weg', NULL, 1763045215216, 1763161889532);
INSERT INTO `pagecontent` (`id`, `pageId`, `html`, `json`, `text`, `canvasJson`, `createdAt`, `updatedAt`) VALUES ('cmirapj3x000a126925kk4wpy', 'cmirapbs5000612690ux8tn81', '<ul><li><p>ipv eigenaar willen ze email</p></li></ul>', '{"type":"doc","content":[{"type":"bulletList","content":[{"type":"listItem","content":[{"type":"paragraph","content":[{"type":"text","text":"ipv eigenaar willen ze email"}]}]}]}]}', 'ipv eigenaar willen ze email', NULL, 1764844266238, 1764844267527);
INSERT INTO `pagecontent` (`id`, `pageId`, `html`, `json`, `text`, `canvasJson`, `createdAt`, `updatedAt`) VALUES ('cmiyewurd00111269e2z4fizb', 'cmiyevxya000x1269ht4tahog', '<ul><li><p><s>Logo toevoegen pure energie</s></p></li><li><p><s>Profielfoto voor gebruikers in manager dashboard</s></p></li><li><p><s>Belletjes in manager dashboard</s></p></li><li><p><strong><s>Aanvragen met aflopend SLA </s></strong><s>naar rood en naar boven zetten boven </s><strong><s>Mijn actieve aanvragen</s></strong></p></li><li><p><s>Mijn actieve aanvragen gelijktrekken</s></p></li><li><p><s>Bij mijn taken moeten ook Mijn team taken inkomen te staan, zijn al velden voor</s></p></li><li><p><s>Aflopend SLA:</s></p><ul><li><p><s>Status wordt uitgevoerd</s></p></li><li><p><s>Datum gemaakt op vergelijken met de SLA, als die binnen 48 uur verloopt. </s></p></li><li><p><s>Moet voor de huidige medewerker zijn in plaats van alle</s></p></li></ul></li></ul>', '{"type":"doc","content":[{"type":"bulletList","content":[{"type":"listItem","content":[{"type":"paragraph","content":[{"type":"text","marks":[{"type":"strike"}],"text":"Logo toevoegen pure energie"}]}]},{"type":"listItem","content":[{"type":"paragraph","content":[{"type":"text","marks":[{"type":"strike"}],"text":"Profielfoto voor gebruikers in manager dashboard"}]}]},{"type":"listItem","content":[{"type":"paragraph","content":[{"type":"text","marks":[{"type":"strike"}],"text":"Belletjes in manager dashboard"}]}]},{"type":"listItem","content":[{"type":"paragraph","content":[{"type":"text","marks":[{"type":"bold"},{"type":"strike"}],"text":"Aanvragen met aflopend SLA "},{"type":"text","marks":[{"type":"strike"}],"text":"naar rood en naar boven zetten boven "},{"type":"text","marks":[{"type":"bold"},{"type":"strike"}],"text":"Mijn actieve aanvragen"}]}]},{"type":"listItem","content":[{"type":"paragraph","content":[{"type":"text","marks":[{"type":"strike"}],"text":"Mijn actieve aanvragen gelijktrekken"}]}]},{"type":"listItem","content":[{"type":"paragraph","content":[{"type":"text","marks":[{"type":"strike"}],"text":"Bij mijn taken moeten ook Mijn team taken inkomen te staan, zijn al velden voor"}]}]},{"type":"listItem","content":[{"type":"paragraph","content":[{"type":"text","marks":[{"type":"strike"}],"text":"Aflopend SLA:"}]},{"type":"bulletList","content":[{"type":"listItem","content":[{"type":"paragraph","content":[{"type":"text","marks":[{"type":"strike"}],"text":"Status wordt uitgevoerd"}]}]},{"type":"listItem","content":[{"type":"paragraph","content":[{"type":"text","marks":[{"type":"strike"}],"text":"Datum gemaakt op vergelijken met de SLA, als die binnen 48 uur verloopt. "}]}]},{"type":"listItem","content":[{"type":"paragraph","content":[{"type":"text","marks":[{"type":"strike"}],"text":"Moet voor de huidige medewerker zijn in plaats van alle"}]}]}]}]}]}]}', 'Logo toevoegen pure energieProfielfoto voor gebruikers in manager dashboardBelletjes in manager dashboardAanvragen met aflopend SLA naar rood en naar boven zetten boven Mijn actieve aanvragenMijn actieve aanvragen gelijktrekkenBij mijn taken moeten ook Mijn team taken inkomen te staan, zijn al velden voorAflopend SLA:Status wordt uitgevoerdDatum gemaakt op vergelijken met de SLA, als die binnen 48 uur verloopt. Moet voor de huidige medewerker zijn in plaats van alle', '{"elements":[],"appState":{"viewBackgroundColor":"rgb(2 6 23 / 1)"},"files":{}}', 1765274589626, 1765712343569);
INSERT INTO `pagecontent` (`id`, `pageId`, `html`, `json`, `text`, `canvasJson`, `createdAt`, `updatedAt`) VALUES ('cmiyez1lp001f1269m1r6uxar', 'cmgp1y0as00u53rqpfwddo0kj', '<ul><li><p>Beide dashboards splitsen in 2 PCFs</p></li><li><p>Accountmanager</p><ul><li><p><s>Potentieel volume ervoor zetten in verkooppijplijn per fase.</s></p></li><li><p><s>Gemiddeld Potentieel volume gebruiken in main card header</s></p></li><li><p><strong><s>BM Realisatie </s></strong><s>mag weg.</s></p></li><li><p><s>2 nieuwe buttons die naar power bi linken</s></p><ul><li><p>KKM overzicht: <a target="_blank" rel="noopener noreferrer nofollow" href="https://royalkoopmans-acc.crm4.dynamics.com/main.aspx?appid=18ea47ea-9b55-f011-877b-6045bd95a6af&amp;newWindow=true&amp;pagetype=dashboard&amp;id=b96e1dcc-c6ca-f011-bbd3-6045bd8d96ef&amp;type=system">https://royalkoopmans-acc.crm4.dynamics.com/main.aspx?appid=18ea47ea-9b55-f011-877b-6045bd95a6af&amp;newWindow=true&amp;pagetype=dashboard&amp;id=b96e1dcc-c6ca-f011-bbd3-6045bd8d96ef&amp;type=system</a></p></li><li><p>Contracten: <a target="_blank" rel="noopener noreferrer nofollow" href="https://royalkoopmans-acc.crm4.dynamics.com/main.aspx?appid=18ea47ea-9b55-f011-877b-6045bd95a6af&amp;newWindow=true&amp;pagetype=dashboard&amp;id=29fa1bff-c6ca-f011-bbd3-7ced8d11537c&amp;type=system">https://royalkoopmans-acc.crm4.dynamics.com/main.aspx?appid=18ea47ea-9b55-f011-877b-6045bd95a6af&amp;newWindow=true&amp;pagetype=dashboard&amp;id=29fa1bff-c6ca-f011-bbd3-7ced8d11537c&amp;type=system</a></p></li></ul></li><li><p><s>Recente contactmomenten mogen weg, dan een button met aantal Recente Verslagen en die linkt naar dynamics overview zelf.</s></p></li><li><p><s>Verkooppijplijn per fase gebruikt nog niet de correcte fases.</s></p></li><li><p><strong><s>Contractstatus </s></strong><s>mag weg</s></p></li></ul></li><li><p>BTA Dashboard:</p><ul><li><p><strong><s>BTA Activiteiten </s></strong><s>en </s><strong><s>BTA KPI\'s</s></strong><s>  mogen weg</s></p></li><li><p><s>Alerts &amp; prioriteiten moeten erbij (Moet</s>en alleen taken bevatten van de huidige week.)</p></li><li><p><strong><s>Gekoppelde Verkooppijplijn</s></strong><s> wrapper moet weg</s></p></li><li><p>de knop voor Verkooppijplijn per Fase met text<strong> Volledig overzicht</strong> moet naar een detailpagina van verkoopkansen leiden, daar moet je kunnen filteren tussen:</p><ul><li><p>Klant</p></li><li><p>Volume</p></li></ul></li><li><p>Extra tabje met klachten:</p><ul><li><p>Hier moet je kunnen filteren op klant.</p></li></ul></li></ul></li></ul>', '{"type":"doc","content":[{"type":"bulletList","content":[{"type":"listItem","content":[{"type":"paragraph","content":[{"type":"text","text":"Beide dashboards splitsen in 2 PCFs"}]}]},{"type":"listItem","content":[{"type":"paragraph","content":[{"type":"text","text":"Accountmanager"}]},{"type":"bulletList","content":[{"type":"listItem","content":[{"type":"paragraph","content":[{"type":"text","marks":[{"type":"strike"}],"text":"Potentieel volume ervoor zetten in verkooppijplijn per fase."}]}]},{"type":"listItem","content":[{"type":"paragraph","content":[{"type":"text","marks":[{"type":"strike"}],"text":"Gemiddeld Potentieel volume gebruiken in main card header"}]}]},{"type":"listItem","content":[{"type":"paragraph","content":[{"type":"text","marks":[{"type":"bold"},{"type":"strike"}],"text":"BM Realisatie "},{"type":"text","marks":[{"type":"strike"}],"text":"mag weg."}]}]},{"type":"listItem","content":[{"type":"paragraph","content":[{"type":"text","marks":[{"type":"strike"}],"text":"2 nieuwe buttons die naar power bi linken"}]},{"type":"bulletList","content":[{"type":"listItem","content":[{"type":"paragraph","content":[{"type":"text","text":"KKM overzicht: "},{"type":"text","marks":[{"type":"link","attrs":{"href":"https://royalkoopmans-acc.crm4.dynamics.com/main.aspx?appid=18ea47ea-9b55-f011-877b-6045bd95a6af&newWindow=true&pagetype=dashboard&id=b96e1dcc-c6ca-f011-bbd3-6045bd8d96ef&type=system","target":"_blank","rel":"noopener noreferrer nofollow","class":null}}],"text":"https://royalkoopmans-acc.crm4.dynamics.com/main.aspx?appid=18ea47ea-9b55-f011-877b-6045bd95a6af&newWindow=true&pagetype=dashboard&id=b96e1dcc-c6ca-f011-bbd3-6045bd8d96ef&type=system"}]}]},{"type":"listItem","content":[{"type":"paragraph","content":[{"type":"text","text":"Contracten: "},{"type":"text","marks":[{"type":"link","attrs":{"href":"https://royalkoopmans-acc.crm4.dynamics.com/main.aspx?appid=18ea47ea-9b55-f011-877b-6045bd95a6af&newWindow=true&pagetype=dashboard&id=29fa1bff-c6ca-f011-bbd3-7ced8d11537c&type=system","target":"_blank","rel":"noopener noreferrer nofollow","class":null}}],"text":"https://royalkoopmans-acc.crm4.dynamics.com/main.aspx?appid=18ea47ea-9b55-f011-877b-6045bd95a6af&newWindow=true&pagetype=dashboard&id=29fa1bff-c6ca-f011-bbd3-7ced8d11537c&type=system"}]}]}]}]},{"type":"listItem","content":[{"type":"paragraph","content":[{"type":"text","marks":[{"type":"strike"}],"text":"Recente contactmomenten mogen weg, dan een button met aantal Recente Verslagen en die linkt naar dynamics overview zelf."}]}]},{"type":"listItem","content":[{"type":"paragraph","content":[{"type":"text","marks":[{"type":"strike"}],"text":"Verkooppijplijn per fase gebruikt nog niet de correcte fases."}]}]},{"type":"listItem","content":[{"type":"paragraph","content":[{"type":"text","marks":[{"type":"bold"},{"type":"strike"}],"text":"Contractstatus "},{"type":"text","marks":[{"type":"strike"}],"text":"mag weg"}]}]}]}]},{"type":"listItem","content":[{"type":"paragraph","content":[{"type":"text","text":"BTA Dashboard:"}]},{"type":"bulletList","content":[{"type":"listItem","content":[{"type":"paragraph","content":[{"type":"text","marks":[{"type":"bold"},{"type":"strike"}],"text":"BTA Activiteiten "},{"type":"text","marks":[{"type":"strike"}],"text":"en "},{"type":"text","marks":[{"type":"bold"},{"type":"strike"}],"text":"BTA KPI\'s"},{"type":"text","marks":[{"type":"strike"}],"text":"  mogen weg"}]}]},{"type":"listItem","content":[{"type":"paragraph","content":[{"type":"text","marks":[{"type":"strike"}],"text":"Alerts & prioriteiten moeten erbij (Moet"},{"type":"text","text":"en alleen taken bevatten van de huidige week.)"}]}]},{"type":"listItem","content":[{"type":"paragraph","content":[{"type":"text","marks":[{"type":"bold"},{"type":"strike"}],"text":"Gekoppelde Verkooppijplijn"},{"type":"text","marks":[{"type":"strike"}],"text":" wrapper moet weg"}]}]},{"type":"listItem","content":[{"type":"paragraph","content":[{"type":"text","text":"de knop voor Verkooppijplijn per Fase met text"},{"type":"text","marks":[{"type":"bold"}],"text":" Volledig overzicht"},{"type":"text","text":" moet naar een detailpagina van verkoopkansen leiden, daar moet je kunnen filteren tussen:"}]},{"type":"bulletList","content":[{"type":"listItem","content":[{"type":"paragraph","content":[{"type":"text","text":"Klant"}]}]},{"type":"listItem","content":[{"type":"paragraph","content":[{"type":"text","text":"Volume"}]}]}]}]},{"type":"listItem","content":[{"type":"paragraph","content":[{"type":"text","text":"Extra tabje met klachten:"}]},{"type":"bulletList","content":[{"type":"listItem","content":[{"type":"paragraph","content":[{"type":"text","text":"Hier moet je kunnen filteren op klant."}]}]}]}]}]}]}]}]}', 'Beide dashboards splitsen in 2 PCFsAccountmanagerPotentieel volume ervoor zetten in verkooppijplijn per fase.Gemiddeld Potentieel volume gebruiken in main card headerBM Realisatie mag weg.2 nieuwe buttons die naar power bi linkenKKM overzicht: https://royalkoopmans-acc.crm4.dynamics.com/main.aspx?appid=18ea47ea-9b55-f011-877b-6045bd95a6af&newWindow=true&pagetype=dashboard&id=b96e1dcc-c6ca-f011-bbd3-6045bd8d96ef&type=systemContracten: https://royalkoopmans-acc.crm4.dynamics.com/main.aspx?appid=18ea47ea-9b55-f011-877b-6045bd95a6af&newWindow=true&pagetype=dashboard&id=29fa1bff-c6ca-f011-bbd3-7ced8d11537c&type=systemRecente contactmomenten mogen weg, dan een button met aantal Recente Verslagen en die linkt naar dynamics overview zelf.Verkooppijplijn per fase gebruikt nog niet de correcte fases.Contractstatus mag wegBTA Dashboard:BTA Activiteiten en BTA KPI\'s mogen wegAlerts & prioriteiten moeten erbij (Moeten alleen taken bevatten van de huidige week.)Gekoppelde Verkooppijplijn wrapper moet wegde knop voor Verkooppijplijn per Fase met text Volledig overzicht moet naar een detailpagina van verkoopkansen leiden, daar moet je kunnen filteren tussen:KlantVolumeExtra tabje met klachten:Hier moet je kunnen filteren op klant.', NULL, 1765274691806, 1765748942841);
INSERT INTO `pagecontent` (`id`, `pageId`, `html`, `json`, `text`, `canvasJson`, `createdAt`, `updatedAt`) VALUES ('cmj6y4o4t005w12696sqcqtqz', 'cmj6y4f5j005s1269yua2gaum', '<ul><li><p>key rule of <strong>two’s complement</strong>:</p><blockquote><p>The most significant bit has a <strong>negative weight</strong></p></blockquote></li><li><p><code>8</code> in binary is <code>1000</code></p></li><li><p><code>8 &gt;&gt; 1</code> becomes <code>0100</code>, which is <code>4</code></p></li><li><p><code>8 &gt;&gt; 2</code> becomes <code>0010</code>, which is <code>2</code></p></li><li><p><code>8</code> in binary is <code>00001000</code></p></li><li><p><code>8 &lt;&lt; 1</code> becomes <code>00010000</code>, which is <code>16</code></p></li><li><p><code>16 &lt;&lt; 1</code> becomes <code>00100000</code>, which is <code>32</code></p></li><li><p><code>32 &lt;&lt; 1</code> becomes <code>01000000</code>, which is <code>64</code></p></li><li><p><code>64 &lt;&lt; 1</code> becomes <code>10000000</code>, which is <code>128</code></p></li><li><p><code>&amp; 1</code> zorgt ervoor dat je <strong>altijd 0 of 1</strong> terugkrijgt, ongeacht wat er verder in de byte staat.</p></li></ul>', '{"type":"doc","content":[{"type":"bulletList","content":[{"type":"listItem","content":[{"type":"paragraph","content":[{"type":"text","text":"key rule of "},{"type":"text","marks":[{"type":"bold"}],"text":"two’s complement"},{"type":"text","text":":"}]},{"type":"blockquote","content":[{"type":"paragraph","content":[{"type":"text","text":"The most significant bit has a "},{"type":"text","marks":[{"type":"bold"}],"text":"negative weight"}]}]}]},{"type":"listItem","content":[{"type":"paragraph","content":[{"type":"text","marks":[{"type":"code"}],"text":"8"},{"type":"text","text":" in binary is "},{"type":"text","marks":[{"type":"code"}],"text":"1000"}]}]},{"type":"listItem","content":[{"type":"paragraph","content":[{"type":"text","marks":[{"type":"code"}],"text":"8 >> 1"},{"type":"text","text":" becomes "},{"type":"text","marks":[{"type":"code"}],"text":"0100"},{"type":"text","text":", which is "},{"type":"text","marks":[{"type":"code"}],"text":"4"}]}]},{"type":"listItem","content":[{"type":"paragraph","content":[{"type":"text","marks":[{"type":"code"}],"text":"8 >> 2"},{"type":"text","text":" becomes "},{"type":"text","marks":[{"type":"code"}],"text":"0010"},{"type":"text","text":", which is "},{"type":"text","marks":[{"type":"code"}],"text":"2"}]}]},{"type":"listItem","content":[{"type":"paragraph","content":[{"type":"text","marks":[{"type":"code"}],"text":"8"},{"type":"text","text":" in binary is "},{"type":"text","marks":[{"type":"code"}],"text":"00001000"}]}]},{"type":"listItem","content":[{"type":"paragraph","content":[{"type":"text","marks":[{"type":"code"}],"text":"8 << 1"},{"type":"text","text":" becomes "},{"type":"text","marks":[{"type":"code"}],"text":"00010000"},{"type":"text","text":", which is "},{"type":"text","marks":[{"type":"code"}],"text":"16"}]}]},{"type":"listItem","content":[{"type":"paragraph","content":[{"type":"text","marks":[{"type":"code"}],"text":"16 << 1"},{"type":"text","text":" becomes "},{"type":"text","marks":[{"type":"code"}],"text":"00100000"},{"type":"text","text":", which is "},{"type":"text","marks":[{"type":"code"}],"text":"32"}]}]},{"type":"listItem","content":[{"type":"paragraph","content":[{"type":"text","marks":[{"type":"code"}],"text":"32 << 1"},{"type":"text","text":" becomes "},{"type":"text","marks":[{"type":"code"}],"text":"01000000"},{"type":"text","text":", which is "},{"type":"text","marks":[{"type":"code"}],"text":"64"}]}]},{"type":"listItem","content":[{"type":"paragraph","content":[{"type":"text","marks":[{"type":"code"}],"text":"64 << 1"},{"type":"text","text":" becomes "},{"type":"text","marks":[{"type":"code"}],"text":"10000000"},{"type":"text","text":", which is "},{"type":"text","marks":[{"type":"code"}],"text":"128"}]}]},{"type":"listItem","content":[{"type":"paragraph","content":[{"type":"text","marks":[{"type":"code"}],"text":"& 1"},{"type":"text","text":" zorgt ervoor dat je "},{"type":"text","marks":[{"type":"bold"}],"text":"altijd 0 of 1"},{"type":"text","text":" terugkrijgt, ongeacht wat er verder in de byte staat."}]}]}]}]}', 'key rule of two’s complement:The most significant bit has a negative weight8 in binary is 10008 >> 1 becomes 0100, which is 48 >> 2 becomes 0010, which is 28 in binary is 000010008 << 1 becomes 00010000, which is 1616 << 1 becomes 00100000, which is 3232 << 1 becomes 01000000, which is 6464 << 1 becomes 10000000, which is 128& 1 zorgt ervoor dat je altijd 0 of 1 terugkrijgt, ongeacht wat er verder in de byte staat.', NULL, 1765790596397, 1765802101064);

-- Table `syncstate`
DROP TABLE IF EXISTS `syncstate`;
CREATE TABLE `syncstate` (
  `id` VARCHAR(191) NOT NULL PRIMARY KEY,
  `clientId` TEXT NOT NULL,
  `cursor` TEXT NOT NULL,
  `lastSyncedAt` TEXT NOT NULL DEFAULT CURRENT_TIMESTAMP,
  `createdAt` TEXT NOT NULL DEFAULT CURRENT_TIMESTAMP,
  `updatedAt` TEXT NOT NULL
) ENGINE=InnoDB DEFAULT CHARSET=utf8mb4;


SET FOREIGN_KEY_CHECKS=1;